종목코드,종목명,종가,대비,등락률,시가,고가,저가,거래량,거래대금,시가총액,상장주식수
5930,삼성전자,55300,-1300,-2.3,56000,56200,55300,11295935,6.28654E+11,3.30129E+14,5969782550
373220,LG에너지솔루션,435500,-1000,-0.23,435500,442500,432500,265226,1.16157E+11,1.01907E+14,234000000
207940,삼성바이오로직스,821000,-9000,-1.08,822000,831000,820000,35179,28994143000,5.84339E+13,71174000
660,SK하이닉스,75000,-1000,-1.32,75200,75600,74700,1736661,1.30328E+11,5.46002E+13,728002365
51910,LG화학,600000,-2000,-0.33,597000,607000,593000,103968,62525555000,4.23554E+13,70592343
5935,삼성전자우,50500,-800,-1.56,51000,51100,50400,722569,36552249900,4.15558E+13,822886700
6400,삼성SDI,591000,-12000,-1.99,604000,606000,591000,197767,1.18177E+11,4.06398E+13,68764530
5380,현대차,151000,-3000,-1.95,153000,154000,150500,552974,83810742000,3.22639E+13,213668187
35420,NAVER,177500,-2500,-1.39,180000,185000,177500,656658,1.18186E+11,2.91187E+13,164049085
270,기아,59300,-1600,-2.63,60500,60600,59300,1172767,70005059900,2.4038E+13,405363347
35720,카카오,53100,-500,-0.93,53500,55300,52900,1319611,70904387100,2.36513E+13,445410387
5490,POSCO홀딩스,276500,-14500,-4.98,288500,289000,276000,606222,1.6985E+11,2.33839E+13,84571230
68270,셀트리온,160500,-5000,-3.02,164500,165000,159500,432740,69698211500,2.25992E+13,140805210
28260,삼성물산,113500,-4500,-3.81,117000,117500,113000,280073,32121871000,2.12117E+13,186887081
105560,KB금융,48500,-950,-1.92,48950,49400,48500,707932,34593164150,1.98315E+13,408897068
12330,현대모비스,200500,-6500,-3.14,205000,205500,200000,215394,43471715000,1.89042E+13,94285094
55550,신한지주,35200,-700,-1.95,35500,35900,35200,1032343,36599415200,1.79092E+13,508784869
96770,SK이노베이션,154000,-2500,-1.6,155000,156500,153000,201938,31184459500,1.42397E+13,92465564
32830,삼성생명,71000,-1000,-1.39,71100,71900,70600,211081,15039355000,1.42E+13,200000000
66570,LG전자,86500,-2900,-3.24,88500,89400,86500,451139,39440513200,1.41555E+13,163647814
34730,SK,189000,-7500,-3.82,195000,196000,189000,143674,27418995000,1.40142E+13,74149329
15760,한국전력,21800,-650,-2.9,22300,22750,21650,2756682,61083024700,1.39948E+13,641964077
3670,포스코케미칼,180000,1000,0.56,180000,185000,179500,548339,99599363500,1.39434E+13,77463220
33780,KT&G,91500,100,0.11,90500,92000,90500,307887,28154576800,1.25623E+13,137292497
86790,하나금융지주,42050,-100,-0.24,42050,42550,41750,723264,30524577600,1.24427E+13,295903476
3550,LG,78100,-1400,-1.76,78100,79400,78000,169981,13326789500,1.22852E+13,157300993
323410,카카오뱅크,24300,-750,-2.99,24850,25400,23950,1906638,46672888750,1.15844E+13,476723937
51900,LG생활건강,722000,-17000,-2.3,733000,736000,704000,84144,60616040000,1.12763E+13,15618197
10130,고려아연,564000,-11000,-1.91,567000,575000,560000,48740,27589122000,1.12028E+13,19863158
17670,SK텔레콤,47400,-800,-1.66,48150,48200,47400,407839,19456420650,1.03727E+13,218833144
329180,현대중공업,116000,-4500,-3.73,120000,120000,115500,116649,13644530000,1.02977E+13,88773116
36570,엔씨소프트,448000,14500,3.34,443000,464500,443000,173209,78794226500,9.8354E+12,21954022
34020,두산에너빌리티,15400,-300,-1.91,15750,16200,15350,4185941,65680740200,9.82994E+12,638308033
9150,삼성전기,130500,-3500,-2.61,133000,133500,130000,280030,36745738500,9.74753E+12,74693696
11200,HMM,19550,-550,-2.74,19900,20000,19500,1774831,34894537650,9.56072E+12,489039496
18260,삼성에스디에스,123000,-2500,-1.99,124500,125500,123000,62223,7707206500,9.51747E+12,77377800
810,삼성화재,200000,-6000,-2.91,203500,204500,198500,66949,13468668000,9.47497E+12,47374837
10950,S-Oil,83400,-2900,-3.36,85000,85200,82600,350223,29288792100,9.3894E+12,112582792
30200,KT,33800,-50,-0.15,33800,34100,33300,745365,25226496850,8.82558E+12,261111808
3490,대한항공,22950,-1350,-5.56,24100,24150,22850,2038736,47307904100,8.45066E+12,368220661
316140,우리금융지주,11550,-250,-2.12,11700,11900,11550,2983405,34812342850,8.4091E+12,728060549
259960,크래프톤,168000,-1500,-0.88,172500,178000,166000,342547,58920797000,8.2457E+12,49081545
9830,한화솔루션,43000,-1200,-2.71,43850,43950,42800,1104032,47661022250,8.22498E+12,191278497
90430,아모레퍼시픽,137500,-3500,-2.48,139000,140000,135000,232848,32003637000,8.04275E+12,58492759
24110,기업은행,9820,-180,-1.8,9960,9970,9790,2097846,20682137070,7.83072E+12,797425869
377300,카카오페이,54200,-1100,-1.99,55200,56900,53700,519289,28460729100,7.20875E+12,133002827
352820,하이브,173500,3500,2.06,168000,175500,168000,194427,33723121000,7.17481E+12,41353387
86280,현대글로비스,163500,-5500,-3.25,168000,168500,163500,55293,9135731500,6.13125E+12,37500000
11170,롯데케미칼,178500,-6000,-3.25,182000,185000,178000,79421,14283275000,6.11816E+12,34275419
11070,LG이노텍,252500,-11000,-4.17,259000,259500,249000,308631,78038342500,5.97594E+12,23667107
97950,CJ제일제당,380500,-8000,-2.06,384000,387000,379000,24104,9200607000,5.72812E+12,15054186
326030,SK바이오팜,72100,0,0,71500,72700,70600,97899,7011080700,5.64639E+12,78313250
302440,SK바이오사이언스,73500,-1500,-2,74300,75500,72700,162925,11988020700,5.64363E+12,76784046
383220,F&F,144500,-3000,-2.03,146000,147000,142500,154348,22291348500,5.53537E+12,38307075
60,메리츠화재,49700,200,0.4,49100,50800,49100,183367,9163632200,5.52187E+12,111104070
138040,메리츠금융지주,42700,450,1.07,42000,43850,42000,355631,15263334650,5.44732E+12,127571822
251270,넷마블,60400,9100,17.74,59200,63700,57500,4107844,2.4898E+11,5.19159E+12,85953502
271560,오리온,128000,500,0.39,127000,129000,126500,87233,11180664000,5.06062E+12,39536132
9540,한국조선해양,70700,-2500,-3.42,72300,73400,70700,144487,10310876500,5.00366E+12,70773116
35250,강원랜드,23200,-350,-1.49,23450,23650,23200,385404,8987277200,4.96342E+12,213940500
47810,한국항공우주,50900,300,0.59,50600,51600,50000,815849,41344709700,4.96148E+12,97475107
32640,LG유플러스,11050,-300,-2.64,11300,11300,11050,422537,4699546550,4.82456E+12,436611361
402340,SK스퀘어,33550,-950,-2.75,34250,34350,33300,324278,10897446500,4.74624E+12,141467571
5830,DB손해보험,65300,-700,-1.06,65000,66100,64100,164431,10729375600,4.62324E+12,70800000
267250,HD현대,57100,-3000,-4.99,59400,59800,57100,180151,10433815600,4.51051E+12,78993085
10140,삼성중공업,5110,-110,-2.11,5200,5220,5090,2683070,13748411630,4.4968E+12,880000000
88980,맥쿼리인프라,11050,-100,-0.9,11200,11200,11000,727090,8050312550,4.47354E+12,404845547
34220,LG디스플레이,12450,-200,-1.58,12500,12650,12400,860698,10759546100,4.45481E+12,357815700
28050,삼성엔지니어링,22250,-850,-3.68,22800,23350,22250,677042,15325169400,4.361E+12,196000000
18880,한온시스템,8090,-10,-0.12,7990,8130,7970,525877,4244755300,4.31844E+12,533800000
100,유한양행,57200,-300,-0.52,57000,57700,56700,150754,8631433200,4.18884E+12,73231476
21240,코웨이,55900,-1000,-1.76,56700,57100,55600,118231,6635688000,4.1254E+12,73799619
4020,현대제철,30600,-1450,-4.52,31700,32000,30600,347045,10750680350,4.08344E+12,133445785
78930,GS,43800,-950,-2.12,44050,44300,43550,159108,6970998400,4.06969E+12,92915378
720,현대건설,34900,-700,-1.97,35050,35950,34900,351395,12360580150,3.88632E+12,111355765
161390,한국타이어앤테크놀로지,31150,-1550,-4.74,32400,32400,31050,303821,9551827650,3.85871E+12,123875069
8560,메리츠증권,6240,10,0.16,6200,6370,6200,1184381,7423350330,3.83785E+12,615040579
361610,SK아이이테크놀로지,53000,-800,-1.49,53700,54300,52300,197506,10490917000,3.77877E+12,71297592
6800,미래에셋증권,6080,-280,-4.4,6360,6380,6080,877295,5417393310,3.74112E+12,615316408
12450,한화에어로스페이스,73600,700,0.96,72600,74500,72200,591938,43359164900,3.72637E+12,50630000
11780,금호석유,126000,-7000,-5.26,132000,132000,125000,127424,16141703500,3.6936E+12,29314312
128940,한미약품,298000,-2000,-0.67,297000,301500,291000,40677,12065500000,3.67076E+12,12317971
282330,BGF리테일,210500,-1500,-0.71,207000,212500,206500,33874,7124135000,3.63826E+12,17283906
241560,두산밥캣,34600,-1400,-3.89,35650,35800,34600,222390,7760830300,3.46862E+12,100249166
29780,삼성카드,29550,-500,-1.66,30050,30150,29550,113735,3381258850,3.42363E+12,115858891
10620,현대미포조선,84500,-3000,-3.43,86700,87900,83600,172811,14706315400,3.37511E+12,39942149
11790,SKC,88500,-900,-1.01,88500,90200,87800,116511,10337836000,3.35134E+12,37868298
36460,한국가스공사,36200,-2200,-5.73,37900,37900,35850,586474,21463894100,3.34173E+12,92313000
8770,호텔신라,83100,-1500,-1.77,83200,84400,81500,446669,37030284600,3.26152E+12,39248121
4990,롯데지주,30800,-1350,-4.2,32000,32000,30750,182971,5690492750,3.2312E+12,104909237
137310,에스디바이오센서,30150,-350,-1.15,30500,31000,29100,412897,12343764050,3.13914E+12,104117453
64350,현대로템,28400,300,1.07,28200,28750,27700,1722904,48645799750,3.09964E+12,109142293
28670,팬오션,5730,-160,-2.72,5880,5880,5710,2155042,12428395940,3.06308E+12,534569512
71050,한국금융지주,53300,-1800,-3.27,54500,54800,53200,106180,5698426900,2.9702E+12,55725992
7070,GS리테일,28150,-1050,-3.6,28900,28900,28050,135402,3832196750,2.94781E+12,104717922
5940,NH투자증권,8770,-210,-2.34,8940,8950,8770,604563,5339139640,2.90871E+12,331665921
3410,쌍용C&E,5760,-40,-0.69,5860,5860,5690,439291,2523536120,2.90223E+12,503859595
112610,씨에스윈드,68800,-1700,-2.41,69900,71000,67600,210249,14539761000,2.90139E+12,42171403
2790,아모레G,34900,-1200,-3.32,35400,35650,34000,367234,12866385800,2.87779E+12,82458180
16360,삼성증권,31450,-700,-2.18,32000,32050,31450,278209,8791819300,2.80849E+12,89300000
47050,포스코인터내셔널,22600,-1000,-4.24,23500,23500,22500,722802,16458067100,2.78828E+12,123375149
139480,이마트,98000,-7500,-7.11,105500,107000,97900,339626,34073821700,2.73183E+12,27875819
5387,현대차2우B,73900,-2900,-3.78,76700,76700,73900,82278,6165756300,2.69627E+12,36485451
30000,제일기획,23050,-50,-0.22,22950,23300,22900,277991,6413081100,2.6517E+12,115041225
1450,현대해상,29450,-650,-2.16,29750,30250,29400,259819,7728630100,2.63283E+12,89400000
307950,현대오토에버,95500,-4100,-4.12,99600,99600,94800,52687,5078594900,2.61899E+12,27423982
23530,롯데쇼핑,91000,-1800,-1.94,92700,92900,90300,66907,6116442300,2.57428E+12,28288755
180640,한진칼,37450,-1250,-3.23,38350,38800,37000,86783,3256597750,2.50023E+12,66761796
6040,동원산업,49350,-2550,-4.91,51400,51900,49300,29389,1471519650,2.46664E+12,49982665
1040,CJ,84100,-1400,-1.64,85300,86100,83600,64279,5450474900,2.45379E+12,29176998
88350,한화생명,2770,65,2.4,2700,2805,2685,4359753,11995158525,2.40583E+12,868530000
20150,일진머티리얼즈,51900,100,0.19,51400,52800,51000,201974,10458521600,2.39315E+12,46110835
12750,에스원,59300,-1500,-2.47,59900,60400,59200,49292,2930823300,2.25335E+12,37999178
6260,LS,69700,-2300,-3.19,71500,71900,69300,112443,7866162200,2.24434E+12,32200000
8930,한미사이언스,32450,-1200,-3.57,33450,33800,32050,83355,2713554250,2.22684E+12,68623684
39490,키움증권,84000,-3900,-4.44,87100,87900,83500,72181,6093072800,2.20244E+12,26219513
4370,농심,357000,0,0,355500,360000,351500,16506,5887095500,2.1715E+12,6082642
4170,신세계,220000,-9000,-3.93,225500,230500,220000,98154,21897843500,2.16594E+12,9845181
120,CJ대한통운,93700,-900,-0.95,95600,97500,93300,68572,6535602700,2.13752E+12,22812344
51915,LG화학우,277500,-4000,-1.42,281500,281500,277000,7206,2003461500,2.13364E+12,7688800
17390,서울가스,425000,-4500,-1.05,425500,436500,424000,8368,3604671500,2.125E+12,5000000
138930,BNK금융지주,6500,-140,-2.11,6560,6580,6470,3097584,20179012670,2.11858E+12,325935246
14680,한솔케미칼,185500,-9000,-4.63,191500,193000,185500,19248,3613025500,2.10268E+12,11335195
52690,한전기술,54600,-900,-1.62,54900,56400,54500,145233,8014653600,2.08681E+12,38220000
111770,영원무역,46950,-900,-1.88,47350,47400,46600,62306,2927632450,2.08042E+12,44311468
42660,대우조선해양,18950,-300,-1.56,19250,19450,18600,275767,5218310100,2.03316E+12,107290669
79550,LIG넥스원,92200,600,0.66,91600,93000,91200,165629,15264084800,2.0284E+12,22000000
81660,휠라홀딩스,33250,-300,-0.89,33300,33800,33050,157191,5249825700,2.02001E+12,60752222
26960,동서,20200,-1000,-4.72,21000,21000,20100,95020,1936176750,2.01394E+12,99700000
272210,한화시스템,10550,-400,-3.65,10900,11050,10550,549109,5868422050,1.9931E+12,188919389
10060,OCI,80800,-3800,-4.49,84200,84400,80000,426734,34663207100,1.92703E+12,23849371
880,한화,25650,-1100,-4.11,26600,26600,25500,207040,5351331550,1.92269E+12,74958735
336260,두산퓨얼셀,29350,-1100,-3.61,30150,30550,29200,398826,11772332100,1.92224E+12,65493726
7310,오뚜기,476000,-6000,-1.24,479000,481500,474000,3808,1815354000,1.90773E+12,4007830
204320,HL만도,40300,-1800,-4.28,41950,42000,40200,290035,11790970400,1.89237E+12,46957120
1440,대한전선,1495,-45,-2.92,1525,1550,1495,4831822,7291557835,1.86049E+12,1244473009
69620,대웅제약,158500,-3000,-1.86,160000,160500,156500,25359,4028368500,1.83647E+12,11586575
2380,KCC,204500,-14500,-6.62,217000,218000,203500,60542,12614678000,1.81728E+12,8886471
6360,GS건설,21150,-1000,-4.51,22000,22000,21150,963181,20645819900,1.81005E+12,85581490
5385,현대차우,74000,-2700,-3.52,76400,76400,74000,51695,3861749100,1.80239E+12,24356685
80,하이트진로,25550,-1150,-4.31,26550,26600,25500,198962,5127632450,1.79191E+12,70133611
16710,대성홀딩스,109500,-4500,-3.95,113500,115000,109500,56121,6299478500,1.7618E+12,16089459
47040,대우건설,4180,-90,-2.11,4235,4290,4135,1065599,4458690470,1.7373E+12,415622638
10120,LS ELECTRIC,56400,-1500,-2.59,57400,58100,55900,123010,6930385000,1.692E+12,30000000
990,DB하이텍,37150,-950,-2.49,37850,38000,37100,290858,10849308850,1.64941E+12,44398588
5300,롯데칠성,176000,-2500,-1.4,177500,179000,173500,25205,4432455500,1.63308E+12,9278884
5070,코스모신소재,51800,-1500,-2.81,53300,53800,51800,221401,11617064900,1.58771E+12,30650756
4690,삼천리,391000,-18000,-4.4,409000,415000,390500,32767,13250710500,1.58551E+12,4055025
42670,현대두산인프라코어,8000,-270,-3.26,8170,8320,7200,10020581,78392175880,1.58211E+12,197763411
175330,JB금융지주,7890,-20,-0.25,7910,7970,7850,950711,7492675460,1.5542E+12,196982894
267260,현대일렉트릭,42500,-1250,-2.86,43650,44000,42200,190241,8136970100,1.532E+12,36047135
298020,효성티앤씨,350000,-14000,-3.85,360500,362500,343000,36207,12697432500,1.51469E+12,4327682
6280,녹십자,129500,-4000,-3,133500,133500,128000,27725,3600488000,1.51341E+12,11686538
298050,효성첨단소재,333500,-13500,-3.89,346000,346000,329500,31079,10363313000,1.49406E+12,4479948
51600,한전KPS,33200,-1600,-4.6,34600,34650,33200,167668,5664217900,1.494E+12,45000000
4000,롯데정밀화학,56700,-1300,-2.24,57600,57800,56400,61791,3513638600,1.46286E+12,25800000
3620,쌍용차,8760,0,0,0,0,0,0,0,1.46253E+12,166956024
4800,효성,67100,-3200,-4.55,69800,70100,67000,149894,10186185400,1.41387E+12,21071025
1570,금양,23900,300,1.27,23750,24300,23300,1561996,37230735900,1.3874E+12,58050037
69960,현대백화점,59000,-2100,-3.44,60500,60600,58400,65634,3885038900,1.38074E+12,23402441
150,두산,83100,-500,-0.6,83600,84400,82400,73877,6161446900,1.37313E+12,16523835
11210,현대위아,49450,-1650,-3.23,50600,50800,49400,140711,7006863550,1.3448E+12,27195083
240,한국앤컴퍼니,13950,-150,-1.06,14200,14200,13900,118508,1659509150,1.32435E+12,94935240
1120,LX인터내셔널,33950,-2050,-5.69,36100,36100,33700,738292,25371252600,1.3159E+12,38760000
375500,DL이앤씨,33750,-1150,-3.3,34600,34950,33450,271280,9205173150,1.30591E+12,38693623
285130,SK케미칼,73200,-4700,-6.03,77400,77500,73000,153476,11369725500,1.26298E+12,17253783
210,DL,59200,-1600,-2.63,60300,60800,57900,127800,7538663500,1.24059E+12,20955884
267270,현대건설기계,62200,-2400,-3.72,64500,65000,62200,184595,11649567400,1.22539E+12,19700793
7700,F&F홀딩스,30450,-1500,-4.69,32250,32250,30000,539194,16565280600,1.19103E+12,39114367
3090,대웅,20350,-500,-2.4,20750,20750,19900,53230,1074003150,1.18319E+12,58141980
139130,DGB금융지주,6990,-200,-2.78,7180,7180,6980,843695,5943204640,1.18233E+12,169145833
14820,동원시스템즈,40600,-2000,-4.69,41950,42150,40450,32130,1317582800,1.17705E+12,28991282
114090,GKL,18900,-150,-0.79,18950,19150,18500,534987,10069552250,1.16907E+12,61855670
108320,LX세미콘,71700,-2600,-3.5,73900,74100,71400,146734,10598878600,1.16615E+12,16264300
280360,롯데제과,122500,-1000,-0.81,122500,124500,121500,8669,1063874500,1.15574E+12,9434574
17800,현대엘리베이,28300,-150,-0.53,28200,28600,27750,147874,4177667350,1.15507E+12,40815191
89590,제주항공,14900,-350,-2.3,14900,15100,14300,962505,14210086200,1.14721E+12,76993711
120110,코오롱인더,41150,-1250,-2.95,42300,42300,41000,112589,4664159600,1.13241E+12,27519091
19170,신풍제약,21150,150,0.71,21050,21200,20350,266178,5532756550,1.12063E+12,52984990
12510,더존비즈온,36850,-1000,-2.64,37750,38400,36850,87118,3278236700,1.11961E+12,30382784
42700,한미반도체,11500,-400,-3.36,11950,11950,11450,288021,3331803300,1.1194E+12,97339302
6650,대한유화,171500,-1000,-0.58,171000,173500,168000,47085,8064385500,1.11475E+12,6500000
670,영풍,605000,-14000,-2.26,616000,621000,601000,3137,1901964000,1.11443E+12,1842040
145720,덴티움,100000,300,0.3,99700,101500,97600,79352,7865838300,1.10688E+12,11068830
271940,일진하이솔루스,29850,-950,-3.08,30600,30600,29800,40309,1210486650,1.08395E+12,36313190
395400,SK리츠,5510,200,3.77,5310,5510,5220,316840,1707965730,1.08301E+12,196554079
18670,SK가스,115500,-2500,-2.12,118500,118500,112500,14792,1709397500,1.06609E+12,9230244
5850,에스엘,22950,-550,-2.34,23300,23400,22700,133051,3056329900,1.06599E+12,46448520
1230,동국제강,11150,-550,-4.7,11600,11650,11050,342009,3848529750,1.06408E+12,95432737
336370,솔루스첨단소재,30000,0,0,30200,30800,29950,110300,3337400100,1.05334E+12,35111195
9240,한샘,44600,-850,-1.87,44750,45750,44000,42288,1882193900,1.04961E+12,23533928
32350,롯데관광개발,14450,-150,-1.03,14300,15100,14200,1405352,20437354700,1.04521E+12,72332651
20560,아시아나항공,14000,-400,-2.78,14200,14500,13850,508678,7184066400,1.04176E+12,74411764
89860,롯데렌탈,27650,-550,-1.95,28150,28250,27600,33276,925166550,1.01293E+12,36634063
93370,후성,10700,-400,-3.6,10950,11100,10600,596264,6416458450,1.00957E+12,94352104
185750,종근당,82100,-2600,-3.07,84200,84200,81200,18305,1505768700,9.84218E+11,11988038
161890,한국콜마,42600,-600,-1.39,42800,43100,41550,74992,3173988250,9.74738E+11,22881180
39130,하나투어,60500,-2000,-3.2,61800,61800,59000,255015,15358054100,9.70371E+11,16039185
330590,롯데리츠,3990,-10,-0.25,4000,4150,3980,161980,650615855,9.69446E+11,242968884
1800,오리온홀딩스,15350,-300,-1.92,15600,15600,15250,79047,1219690750,9.61607E+11,62645422
1740,SK네트웍스,3870,-90,-2.27,3950,3955,3835,418615,1621109370,9.60486E+11,248187647
3690,코리안리,6810,-180,-2.58,6980,6980,6790,232908,1593592770,9.59004E+11,140822939
3230,삼양식품,127000,-2000,-1.55,128000,130000,126000,46522,5932684500,9.56693E+11,7533015
103140,풍산,33650,-450,-1.32,33800,34100,32700,180108,6035957400,9.43017E+11,28024278
353200,대덕전자,18900,-500,-2.58,19300,19500,18700,292558,5534647500,9.3398E+11,49416925
9420,한올바이오파마,17800,-200,-1.11,17800,17900,17200,240161,4222143300,9.29883E+11,52240638
8730,율촌화학,36450,-750,-2.02,36650,37550,35450,269265,9788387700,9.0396E+11,24800000
181710,NHN,24900,0,0,24900,25650,24800,60666,1528939250,8.96828E+11,36017198
31430,신세계인터내셔날,24750,-1300,-4.99,26100,26150,24650,128881,3240587900,8.83575E+11,35700000
377740,바이오노트,8580,-290,-3.27,8890,8920,8450,2059794,17721767120,8.74096E+11,101876048
10780,아이에스동서,28200,-1300,-4.41,29300,29350,27900,140473,3984858900,8.71171E+11,30892606
248070,솔루엠,17400,200,1.16,17200,17400,16950,109866,1886389050,8.70097E+11,50005551
192080,더블유게임즈,47250,-800,-1.66,48150,49050,46850,44281,2106693550,8.68195E+11,18374502
23590,다우기술,19200,-450,-2.29,19600,19700,19000,43790,843625200,8.61439E+11,44866617
272450,진에어,16450,-750,-4.36,17050,17100,16200,385802,6389790700,8.5869E+11,52200000
365550,ESR켄달스퀘어리츠,3990,-60,-1.48,4080,4080,3880,452000,1792165450,8.50225E+11,213089000
178920,PI첨단소재,28900,-1000,-3.34,29900,29900,28200,145459,4194395950,8.48687E+11,29366322
192820,코스맥스,74100,800,1.09,73100,74100,71800,112038,8220366400,8.40999E+11,11349509
9970,영원무역홀딩스,61400,-800,-1.29,61200,62600,60100,20217,1241361800,8.37225E+11,13635592
348950,제이알글로벌리츠,4210,-20,-0.47,4250,4250,4200,200676,844026160,8.30953E+11,197376000
3240,태광산업,746000,1000,0.13,745000,748000,716000,1019,748147000,8.30596E+11,1113400
214320,이노션,41150,-750,-1.79,41900,42000,40800,14701,606856200,8.23E+11,20000000
69260,TKG휴켐스,20000,-500,-2.44,20400,20550,19950,126558,2547224300,8.17572E+11,40878588
79160,CJ CGV,16950,-700,-3.97,17400,17650,16900,152816,2617171450,8.08879E+11,47721499
300720,한일시멘트,11650,-300,-2.51,11800,12100,11400,86479,1010758750,8.06897E+11,69261540
2840,미원상사,166000,-500,-0.3,166500,167000,165000,3245,538883500,8.051E+11,4850000
5250,녹십자홀딩스,17000,-600,-3.41,17700,19450,16750,535820,9642649750,7.9948E+11,47028210
73240,금호타이어,2780,-130,-4.47,2880,2900,2775,475793,1336360730,7.98584E+11,287260287
268280,미원에스씨,154000,0,0,154500,155000,152000,725,111063500,7.854E+11,5100000
82640,동양생명,4860,-190,-3.76,5010,5080,4855,243075,1193448895,7.84203E+11,161358585
249420,일동제약,28550,-1400,-4.67,30550,30950,28500,2718996,80219983600,7.65234E+11,26803285
1680,대상,21900,-450,-2.01,22350,22350,21650,135333,2973555400,7.58792E+11,34648025
9900,명신산업,14350,-200,-1.37,14600,14750,14150,270084,3880203250,7.52946E+11,52470133
16380,KG스틸,7390,-330,-4.27,7650,7690,7390,502248,3761043700,7.39066E+11,100008897
298040,효성중공업,78000,-3300,-4.06,81200,81900,77200,80420,6322388400,7.27315E+11,9324548
66575,LG전자우,42050,-500,-1.18,42150,42500,41700,16865,707573650,7.22671E+11,17185992
5420,코스모화학,20550,-600,-2.84,21200,21400,20450,639751,13343108900,7.19419E+11,35008228
403550,쏘카,21750,-400,-1.81,22200,22250,20800,164783,3560317400,7.11783E+11,32725652
5880,대한해운,2175,-20,-0.91,2195,2220,2115,796129,1710022455,6.94211E+11,319177460
5690,파미셀,11300,-150,-1.31,11400,11650,11050,527568,5943936650,6.78192E+11,60016964
20000,한섬,27050,-550,-1.99,27350,27550,26550,62521,1682654050,6.66242E+11,24630000
51905,LG생활건강우,315500,-5500,-1.71,318500,323000,311000,7294,2317537000,6.62454E+11,2099697
13890,지누스,35000,-1650,-4.5,36100,36400,34600,59022,2069179950,6.61524E+11,18900676
284740,쿠쿠홈시스,29400,-850,-2.81,30000,30200,29050,13557,401330400,6.59658E+11,22437330
294870,HDC현대산업개발,10000,-200,-1.96,10100,10200,9960,263008,2637179770,6.59073E+11,65907330
5440,현대그린푸드,6730,-270,-3.86,6970,6970,6730,198942,1354941680,6.57551E+11,97704482
3540,대신증권,12900,-350,-2.64,13250,13300,12750,129200,1666354000,6.54977E+11,50773400
10050,우리종금,744,-19,-2.49,759,762,741,1112685,835932792,6.50407E+11,874203406
57050,현대홈쇼핑,53900,-1400,-2.53,55000,55400,53600,23327,1271279100,6.468E+11,12000000
383800,LX홀딩스,8460,-190,-2.2,8650,8650,8420,148587,1261896650,6.45335E+11,76280690
640,동아쏘시오홀딩스,101500,-1000,-0.98,101500,102500,100000,2135,215741500,6.44415E+11,6348913
7340,DN오토모티브,64100,-1200,-1.84,65300,65600,64000,25394,1642910700,6.40616E+11,9994005
34120,SBS,34550,-100,-0.29,34650,35450,34300,21671,754829600,6.30627E+11,18252582
3850,보령,9060,-390,-4.13,9410,9450,9010,373115,3398652340,6.22331E+11,68690000
3000,부광약품,8750,-310,-3.42,9110,9130,8690,339881,2997540140,6.21802E+11,71063049
105630,한세실업,15400,-500,-3.14,15750,15750,15200,208123,3206813950,6.16E+11,40000000
5610,SPC삼립,71300,-800,-1.11,72100,72100,70000,15341,1086138600,6.15248E+11,8629009
64960,SNT모티브,42000,-500,-1.18,41850,42700,41550,32043,1340596400,6.14172E+11,14623136
192650,드림텍,9100,-350,-3.7,9420,9450,9080,249720,2293400480,6.1339E+11,67405497
195870,해성디에스,35850,-1150,-3.11,36500,36750,35100,100622,3584277200,6.0945E+11,17000000
3030,세아제강지주,146500,-14000,-8.72,157000,157500,144500,40336,6010309000,6.06753E+11,4141657
49770,동원F&B,157000,-3000,-1.88,160000,160000,155000,2003,314156000,6.05882E+11,3859124
2350,넥센타이어,6120,-370,-5.7,6490,6490,6090,284727,1770368710,5.97727E+11,97667877
3520,영진약품,3250,90,2.85,3160,3285,3035,1889459,6064041645,5.94401E+11,182892731
4490,세방전지,42350,-1500,-3.42,43450,43500,42350,55464,2372540850,5.929E+11,14000000
344820,KCC글라스,36950,-550,-1.47,37150,37500,36800,31086,1149338500,5.9011E+11,15970512
70,삼양홀딩스,68700,-300,-0.43,68100,68900,67300,19103,1299692700,5.88365E+11,8564271
192400,쿠쿠홀딩스,16450,150,0.92,16300,16450,16150,17261,281141650,5.84998E+11,35562185
1430,세아베스틸지주,16300,-1100,-6.32,17250,17300,16000,210518,3462353000,5.84553E+11,35862119
6120,SK디스커버리,30250,-750,-2.42,30700,30900,29850,43937,1327111050,5.75895E+11,19037855
4360,세방,29800,-850,-2.77,30600,31100,29700,434767,13264102050,5.75399E+11,19308690
241590,화승엔터프라이즈,9230,-300,-3.15,9430,9440,9100,327117,3020846750,5.59239E+11,60589276
381970,케이카,11550,-900,-7.23,12300,12400,11550,666990,7895282800,5.55399E+11,48086533
11000,진원생명과학,7140,-140,-1.92,7220,7270,7050,380202,2718050050,5.55146E+11,77751599
18250,애경산업,20900,-50,-0.24,21000,21250,20400,134021,2776171200,5.51968E+11,26409935
14830,유니드,81400,-1100,-1.33,82000,82800,80200,25763,2091537100,5.50883E+11,6767600
36420,콘텐트리중앙,28550,-600,-2.06,29150,29800,28200,169292,4915947150,5.49939E+11,19262308
322000,현대에너지솔루션,48800,-1800,-3.56,49600,50200,47850,156748,7621971100,5.4656E+11,11200000
370,한화손해보험,4660,130,2.87,4490,4715,4490,641651,2981856185,5.44003E+11,116738915
25540,한국단자,51800,-1100,-2.08,52900,53400,51700,6785,353451300,5.39497E+11,10415000
1720,신영증권,57100,-400,-0.7,57500,57500,56800,2112,120264800,5.35954E+11,9386237
363280,티와이홀딩스,10450,-150,-1.42,10500,10550,10250,38926,404442550,5.32211E+11,50929268
82740,HSD엔진,7420,10,0.13,7410,7450,7250,257211,1878819990,5.30856E+11,71543994
170900,동아에스티,60800,-1100,-1.78,61900,61900,59800,5800,350320500,5.1355E+11,8446538
85620,미래에셋생명,2890,-10,-0.34,2900,2905,2870,82354,238180285,5.11577E+11,177016189
90435,아모레퍼시픽우,48300,200,0.42,47800,48550,46900,10477,502662200,5.09943E+11,10557830
5950,이수화학,18200,-450,-2.41,18550,18750,18050,466768,8556556550,5.08864E+11,27959544
3530,한화투자증권,2350,-105,-4.28,2455,2455,2345,557852,1332248660,5.04187E+11,214547775
97520,엠씨넥스,27900,-900,-3.13,28800,28800,27900,26316,741770550,5.01579E+11,17977732
00680K,미래에셋증권2우B,3580,-35,-0.97,3635,3635,3560,155743,558207170,5.012E+11,140000000
9450,경동나비엔,33800,-300,-0.88,34050,34250,33550,34089,1151253450,4.92418E+11,14568592
34310,NICE,12900,-350,-2.64,13250,13300,12750,40604,524970150,4.88682E+11,37882300
815,삼성화재우,153000,-500,-0.33,152500,154000,152000,9814,1499431000,4.88376E+11,3192000
17960,한국카본,11050,-350,-3.07,11350,11450,10900,381042,4216973600,4.85766E+11,43960757
293940,신한알파리츠,6570,-30,-0.45,6610,6620,6530,26093,172209730,4.85064E+11,73830123
3470,유안타증권,2395,-35,-1.44,2405,2480,2340,607331,1458425380,4.78034E+11,199596576
357120,코람코에너지리츠,5370,20,0.37,5380,5380,5260,69672,372395250,4.7543E+11,88534474
3070,코오롱글로벌,18750,0,0,0,0,0,0,0,4.72696E+11,25210438
93050,LF,15900,-300,-1.85,15900,16200,15800,34202,544995950,4.64916E+11,29240000
6110,삼아알미늄,41400,3000,7.81,39100,41900,38500,2048983,82803817800,4.554E+11,11000000
5090,SGC에너지,30950,-1000,-3.13,32050,32050,30550,54386,1686480750,4.54253E+11,14677004
4890,동일산업,185500,1000,0.54,184500,185500,182500,20463,3767464000,4.49877E+11,2425215
432320,KB스타리츠,4425,40,0.91,4390,4460,4385,33790,149130515,4.48758E+11,101414285
2240,고려제강,19500,-500,-2.5,20050,20250,19050,46138,903566050,4.485E+11,23000000
6405,삼성SDI우,277000,-7000,-2.46,281000,283500,273500,3572,991057000,4.48157E+11,1617896
210980,SK디앤디,20050,-450,-2.2,20600,20600,19950,19482,391968750,4.44913E+11,22190164
950210,프레스티지바이오파마,7330,10,0.14,7330,7330,7130,29260,210930910,4.40505E+11,60096155
400,롯데손해보험,1415,5,0.35,1405,1445,1370,180747,254043115,4.39126E+11,310336320
2900,TYM,2880,-50,-1.71,2930,2960,2865,3744042,10871302615,4.38779E+11,152353747
7460,에이프로젠,572,0,0,0,0,0,0,0,4.35296E+11,761006567
58650,세아홀딩스,108000,-1000,-0.92,108500,108500,107000,44,4736500,4.32E+11,4000000
161000,애경케미칼,8870,-410,-4.42,9280,9340,8720,287740,2556819620,4.31514E+11,48648709
33240,자화전자,21250,-1150,-5.13,22200,22300,20900,350103,7473281600,4.30333E+11,20250944
17810,풀무원,11200,-250,-2.18,11450,11450,11000,39477,439543950,4.2695E+11,38120542
25860,남해화학,8510,-190,-2.18,8750,8750,8510,176929,1516541180,4.22767E+11,49678843
1060,JW중외제약,18900,-450,-2.33,19350,19350,18600,73684,1389466600,4.19166E+11,22178081
4430,송원산업,17200,-100,-0.58,17200,17350,16800,166921,2835166900,4.128E+11,24000000
27410,BGF,4305,-40,-0.92,4355,4360,4255,144565,624224765,4.12061E+11,95716791
3220,대원제약,18750,50,0.27,18850,19150,18550,321576,6053809000,4.11838E+11,21964670
1725,신영증권우,57500,0,0,57300,57500,56800,128,7298300,4.05591E+11,7053763
145990,삼양사,38550,-600,-1.53,39050,39350,38400,11521,445415900,3.97583E+11,10313449
91810,티웨이항공,2475,-115,-4.44,2540,2560,2400,1687028,4157222035,3.96817E+11,160330279
226320,잇츠한불,17850,-550,-2.99,18050,18250,17600,76900,1376669650,3.91438E+11,21929315
102460,이연제약,21650,-700,-3.13,22500,22600,21400,115645,2516330550,3.89669E+11,17998577
8490,서흥,33650,-500,-1.46,34300,34500,33000,10952,366056500,3.89301E+11,11569113
53210,스카이라이프,8140,-210,-2.51,8350,8350,8100,59511,486330330,3.89271E+11,47821966
5180,빙그레,39250,-850,-2.12,40100,40100,39050,14177,557742400,3.86661E+11,9851241
7690,국도화학,42750,-1300,-2.95,44050,44050,42750,12670,546326900,3.85204E+11,9010616
1530,DI동일,15050,-400,-2.59,15450,15450,14900,45939,693383850,3.84802E+11,25568270
94800,맵스리얼티1,4005,-10,-0.25,4015,4025,4000,6317,25326105,3.71801E+11,92834331
123890,한국자산신탁,2985,-115,-3.71,3100,3100,2980,169604,509100540,3.70074E+11,123977752
33270,유나이티드제약,22750,-450,-1.94,23100,23250,22300,55731,1262882400,3.6957E+11,16244822
7570,일양약품,19350,-450,-2.27,19800,20000,18800,138890,2669805000,3.69308E+11,19085664
306200,세아제강,129500,-7500,-5.47,136000,137000,129500,12850,1693352500,3.67301E+11,2836300
286940,롯데정보통신,23500,-500,-2.08,23850,24050,23300,29374,692846950,3.61814E+11,15396331
183190,아세아시멘트,9260,-230,-2.42,9490,9490,9230,59938,556413330,3.60752E+11,38958090
5500,삼진제약,25650,-200,-0.77,25650,25850,25100,91476,2329300950,3.56535E+11,13900000
7660,이수페타시스,5630,-230,-3.92,5810,5870,5600,710256,4023792920,3.56077E+11,63246419
2310,아세아제지,39400,-300,-0.76,39700,39700,38950,20007,786583900,3.52886E+11,8956502
3920,남양유업,489000,-3500,-0.71,478000,490000,478000,1534,741942000,3.5208E+11,720000
16800,퍼시스,30400,350,1.16,30200,30750,30150,498,15165400,3.496E+11,11500000
16590,신대양제지,86000,100,0.12,86000,86000,84400,3610,308038700,3.46561E+11,4029782
6220,제주은행,10650,-700,-6.17,11600,12350,10300,7511676,85549561650,3.42171E+11,32128774
37560,LG헬로비전,4400,-80,-1.79,4480,4495,4400,130435,576380145,3.40766E+11,77446865
30610,교보증권,5260,-100,-1.87,5340,5360,5230,51788,272755480,3.40076E+11,64653296
6390,한일현대시멘트,17500,-600,-3.31,17850,18100,17400,13887,244755650,3.38234E+11,19327672
122900,아이마켓코리아,10100,-200,-1.94,10300,10350,10050,54262,551188900,3.37631E+11,33428840
20120,키다리스튜디오,9150,120,1.33,9250,9790,9050,1742509,16359659100,3.34897E+11,36600741
3300,한일홀딩스,10800,-200,-1.82,11000,11000,10650,11166,120725850,3.32995E+11,30832884
138490,코오롱플라스틱,8740,-190,-2.13,8910,8970,8690,102759,904841550,3.3212E+11,38000000
34830,한국토지신탁,1310,-40,-2.96,1355,1355,1300,1145475,1507907815,3.30761E+11,252489230
71320,지역난방공사,28500,-100,-0.35,28550,28950,27950,2342,66444550,3.29994E+11,11578744
88260,이리츠코크렙,5200,-50,-0.95,5250,5250,5190,30527,159008740,3.29376E+11,63341590
12630,HDC,5490,-170,-3,5620,5650,5450,98624,542889230,3.27982E+11,59741721
1880,DL건설,14850,350,2.41,14350,14850,14250,27270,398280700,3.27491E+11,22053284
16580,환인제약,17600,100,0.57,17500,17600,17350,40767,710906400,3.27361E+11,18600070
4700,조광피혁,49200,100,0.2,49200,49900,48150,1585,78123900,3.27138E+11,6649138
29530,신도리코,32350,-200,-0.61,32200,32800,32050,12884,414302250,3.26089E+11,10080029
97230,HJ중공업,3915,20,0.51,3915,3960,3900,13302,52114445,3.26019E+11,83274281
3280,흥아해운,1355,-30,-2.17,1385,1430,1330,157217,213966615,3.25776E+11,240424899
293480,하나제약,18250,1350,7.99,17000,18950,16500,1890293,34474851050,3.24356E+11,17772946
60980,HL홀딩스,30750,350,1.15,30400,30750,30100,28926,876982250,3.22016E+11,10472070
5390,신성통상,2235,10,0.45,2225,2255,2180,95496,210683190,3.21188E+11,143708390
11930,신성이엔지,1555,-30,-1.89,1580,1595,1545,955010,1490106085,3.20094E+11,205848151
298690,에어부산,2725,-150,-5.22,2785,2985,2635,4588690,12917720275,3.17844E+11,116640000
298000,효성화학,99500,-3000,-2.93,101500,102000,99500,21887,2187716000,3.17418E+11,3190126
213500,한솔제지,13250,-200,-1.49,13400,13450,13000,99217,1310117050,3.15358E+11,23800576
68400,SK렌터카,6660,-200,-2.92,6810,6910,6610,46930,313847560,3.14924E+11,47285840
115390,락앤락,6270,-30,-0.48,6250,6330,6200,30006,188331670,3.14757E+11,50200444
2320,한진,21050,0,0,20900,21050,20700,25233,525146300,3.14648E+11,14947628
126720,수산인더스트리,22000,-500,-2.22,22350,22500,21800,50343,1107826150,3.14292E+11,14286000
9290,광동제약,5960,-80,-1.32,6060,6080,5930,92728,555524070,3.12428E+11,52420851
1820,삼화콘덴서,30000,-1000,-3.23,31000,31150,29900,49784,1500486400,3.1185E+11,10395000
17940,E1,45450,-350,-0.76,45700,45750,45000,7683,348368850,3.11787E+11,6860000
00088K,한화3우B,13850,-400,-2.81,14250,14250,13650,52497,731062700,3.11237E+11,22472000
3570,SNT중공업,9340,-90,-0.95,9370,9550,9210,102158,956584970,3.1058E+11,33252697
490,대동,12950,-300,-2.26,13300,13450,12800,608121,7971862300,3.09924E+11,23932354
77970,STX엔진,13450,450,3.46,12950,13500,12850,140254,1842452400,3.0947E+11,23008904
271980,제일약품,21000,850,4.22,20200,24200,19600,1783979,40113369100,3.08802E+11,14704872
281820,케이씨텍,14800,-550,-3.58,15150,15550,14800,23113,346535900,3.08751E+11,20861556
72710,농심홀딩스,66500,-300,-0.45,66900,66900,65500,1673,110713400,3.08413E+11,4637790
00104K,CJ4우(전환),72900,-1000,-1.35,72600,73600,72200,4562,332811100,3.08113E+11,4226512
9160,SIMPAC,4685,-260,-5.26,4945,5000,4630,132483,625297090,3.06537E+11,65429516
2960,한국쉘석유,233500,-2500,-1.06,236000,236000,233000,2895,677943500,3.0355E+11,1300000
480,조선내화,75800,-700,-0.92,76600,76600,75000,1459,110291400,3.032E+11,4000000
3545,대신증권우,11600,-350,-2.93,11950,11950,11450,113817,1326129350,3.016E+11,26000000
18470,조일알미늄,2355,-60,-2.48,2435,2480,2335,6372366,15325092660,2.98218E+11,126631721
50,경방,10800,-300,-2.7,11100,11200,10800,4661,50867950,2.96085E+11,27415270
53690,한미글로벌,26900,-700,-2.54,27550,27700,26650,205298,5538270500,2.94758E+11,10957550
5810,풍산홀딩스,28300,-550,-1.91,28600,28900,27650,28737,806132150,2.9459E+11,10409528
272550,삼양패키징,18650,50,0.27,18600,18850,18400,6412,119181950,2.94459E+11,15788671
75580,세진중공업,5150,-120,-2.28,5260,5270,5030,344627,1759134530,2.92775E+11,56849456
24720,한국콜마홀딩스,15750,-200,-1.25,15850,15950,15600,8847,139313750,2.92583E+11,18576719
1510,SK증권,618,-20,-3.13,640,640,616,1439178,895063181,2.92061E+11,472590171
71840,롯데하이마트,12250,-450,-3.54,12700,12700,12150,32386,398833300,2.89194E+11,23607712
1500,현대차증권,9090,-300,-3.19,9370,9370,9030,69308,632292040,2.88267E+11,31712562
2030,아세아,131500,1000,0.77,130500,134000,129500,2126,280111000,2.8812E+11,2191024
1390,KG케미칼,20550,-850,-3.97,21350,21400,20350,74253,1535216350,2.84948E+11,13866096
5010,휴스틸,5070,-20,-0.39,5150,5240,5000,798003,4076704400,2.84874E+11,56188075
7810,코리아써키트,12000,-400,-3.23,12300,12400,11950,112517,1357564400,2.83449E+11,23620751
92220,KEC,1955,0,0,1965,1970,1890,1276085,2463331135,2.83012E+11,144763141
84690,대상홀딩스,7740,-40,-0.51,7780,7780,7600,37804,290012040,2.80285E+11,36212538
108670,LX하우시스,31250,-400,-1.26,31750,31850,31050,13160,411476350,2.8024E+11,8967670
37270,YG PLUS,4410,-25,-0.56,4420,4515,4360,298718,1324647030,2.79724E+11,63429410
130660,한전산업,8510,-270,-3.08,8780,8880,8450,107009,921158140,2.77426E+11,32600000
95720,웅진씽크빅,2400,-70,-2.83,2440,2465,2365,74192,178254955,2.77214E+11,115505985
2150,도화엔지니어링,8210,-400,-4.65,8630,8650,8210,177430,1483189050,2.76841E+11,33720000
2020,코오롱,21900,-800,-3.52,22450,22550,21700,35301,776785100,2.76519E+11,12626426
126560,현대퓨처넷,2505,-45,-1.76,2535,2545,2415,395368,978580010,2.76058E+11,110202945
74610,이엔플러스,4725,95,2.05,4600,4950,4600,4124421,19660265335,2.75646E+11,58337806
8350,남선알미늄,2130,-110,-4.91,2230,2240,2115,1710234,3691056385,2.74938E+11,129079090
6740,영풍제지,12300,400,3.36,11900,12750,11650,290359,3517448250,2.74229E+11,22295000
1070,대한방직,51400,0,0,51200,52400,50800,6009,307712500,2.7242E+11,5300000
9580,무림P&P,4350,-90,-2.03,4450,4485,4230,244276,1050646070,2.71302E+11,62368324
95570,AJ네트웍스,5720,-10,-0.17,5700,5750,5510,112525,631964430,2.67824E+11,46822295
84010,대한제강,10850,-500,-4.41,11300,11300,10800,42206,464070150,2.67417E+11,24646734
1630,종근당홀딩스,53000,-2100,-3.81,54600,54600,52300,4051,214688500,2.65523E+11,5009861
9680,모토닉,8040,-130,-1.59,8160,8160,8030,10226,82400060,2.6532E+11,33000000
900140,엘브이엠씨홀딩스,2630,-15,-0.57,2645,2665,2600,155071,406324695,2.61567E+11,99455297
2990,금호건설,7000,-310,-4.24,7300,7380,6990,149240,1061367320,2.58675E+11,36953595
20,동화약품,9260,-260,-2.73,9510,9600,9230,161137,1504699320,2.58645E+11,27931470
104700,한국철강,6090,-180,-2.87,6200,6240,5990,69484,421938880,2.58521E+11,42450000
37710,광주신세계,32000,-300,-0.93,32400,32400,31800,11587,370589550,2.56E+11,8000000
36530,SNT홀딩스,15700,-300,-1.88,16000,16150,15500,10739,169028650,2.55971E+11,16303886
107590,미원홀딩스,110000,0,0,110000,110500,109000,1031,113411500,2.552E+11,2320000
1940,KISCO홀딩스,15650,-200,-1.26,15500,15700,14650,9649,148289350,2.5316E+11,16176380
71055,한국금융지주우,43100,-1250,-2.82,44300,44300,42750,19809,852331500,2.52491E+11,5858251
10690,화신,7220,-150,-2.04,7370,7380,7160,97342,702188560,2.52125E+11,34920410
117580,대성에너지,9140,-680,-6.92,9810,9810,9000,247504,2287630980,2.5135E+11,27500000
4380,삼익THK,11850,-250,-2.07,12100,12150,11750,26266,313221550,2.4885E+11,21000000
3960,사조대림,27150,-350,-1.27,27700,27700,26650,26264,710089800,2.48815E+11,9164467
55490,테이팩스,52400,-200,-0.38,52200,53500,51400,11426,597832100,2.47205E+11,4717650
3200,일신방직,103000,1500,1.48,101500,105000,100500,19302,1996448000,2.472E+11,2400000
25000,KPX케미칼,51000,0,0,51000,51000,49800,1603,81003100,2.4684E+11,4840000
2620,제일파마홀딩스,15400,1850,13.65,13700,17600,13500,3045840,48652264550,2.4599E+11,15973355
139990,아주스틸,9290,-340,-3.53,9550,9580,9210,21292,198648680,2.45741E+11,26452189
1470,삼부토건,1240,-60,-4.62,1295,1295,1225,1470293,1839226070,2.45115E+11,197673375
11785,금호석유우,81000,-2700,-3.23,83700,83700,81000,19681,1603634300,2.44902E+11,3023486
68290,삼성출판사,24200,50,0.21,24200,24900,24050,36096,880185600,2.42E+11,10000000
214390,경보제약,10000,70,0.7,9990,10000,9780,467123,4630687800,2.39069E+11,23906860
1520,동양,1000,-25,-2.44,1030,1030,991,402207,404451133,2.38684E+11,238684063
2710,TCC스틸,9350,-70,-0.74,9480,9480,9150,207710,1922749540,2.37359E+11,25386019
35510,신세계 I&C,13750,-350,-2.48,14200,14300,13600,128941,1798110900,2.365E+11,17200000
81000,일진다이아,16600,-400,-2.35,16750,17150,16600,13560,226948900,2.35769E+11,14202975
102260,동성케미컬,4730,-10,-0.21,4740,4760,4645,37388,175567285,2.35032E+11,49689728
4980,성신양회,9540,-30,-0.31,9500,9740,9410,95052,908645720,2.33883E+11,24516073
317400,자이에스앤디,6030,-140,-2.27,6150,6170,5990,67851,409830020,2.33859E+11,38782520
12320,경동인베스트,98500,-4500,-4.37,102500,103500,95500,60256,6006430600,2.32955E+11,2365023
1780,알루코,2585,-65,-2.45,2645,2695,2560,759634,1982441080,2.32571E+11,89969432
230,일동홀딩스,20150,-850,-4.05,21600,21650,20000,587225,12107062650,2.32539E+11,11540400
3580,HLB글로벌,5470,-140,-2.5,5570,5620,5340,242008,1319945060,2.31748E+11,42367042
15230,대창단조,8090,-380,-4.49,8430,8500,7960,477362,3866107610,2.31149E+11,28572230
29460,케이씨,17050,-200,-1.16,17100,17100,16700,21473,363036000,2.31096E+11,13554044
2390,한독,16750,-300,-1.76,17100,17100,16300,23658,390641900,2.30539E+11,13763533
2810,삼영무역,12450,-200,-1.58,12650,12650,12450,10426,130489000,2.29914E+11,18466948
339770,교촌에프앤비,9200,-290,-3.06,9470,9550,8810,43531,401914230,2.29839E+11,24982540
83420,그린케미칼,9570,-330,-3.33,9800,9890,9470,220568,2121346810,2.2968E+11,24000000
1460,BYC,366000,-4500,-1.21,369000,370000,365000,1977,730078500,2.28609E+11,624615
1790,대한제당,2545,-125,-4.68,2670,2700,2520,293443,754537685,2.28278E+11,89696580
92230,KPX홀딩스,54000,-500,-0.92,54300,55500,54000,2958,161160400,2.28131E+11,4224646
6840,AK홀딩스,17200,-150,-0.86,17250,17250,16600,11782,198942500,2.27858E+11,13247561
1200,유진투자증권,2340,-55,-2.3,2380,2380,2315,96380,225283340,2.26667E+11,96866418
77500,유니퀘스트,8250,-200,-2.37,8430,8540,8150,72916,602323180,2.25687E+11,27355975
140,하이트진로홀딩스,9720,-430,-4.24,10050,10050,9720,42618,418502980,2.2557E+11,23206765
7160,사조산업,45000,-350,-0.77,45150,45700,44300,5731,257544650,2.25E+11,5000000
3120,일성신약,84400,-1900,-2.2,85400,87200,83200,3965,335450500,2.24504E+11,2660000
1130,대한제분,132500,-4000,-2.93,135000,136000,131500,4927,654666500,2.23925E+11,1690000
97955,CJ제일제당 우,168500,0,0,171000,171000,167000,1582,266102000,2.23672E+11,1327433
229640,LS전선아시아,7290,-260,-3.44,7490,7510,7250,98919,725409110,2.23255E+11,30624879
19680,대교,2615,50,1.95,2580,2615,2530,12438,31756765,2.21498E+11,84702850
136490,선진,9300,-120,-1.27,9330,9440,9160,41378,383574780,2.2115E+11,23779604
5720,넥센,4105,-30,-0.73,4125,4185,4035,13142,53645345,2.19798E+11,53543977
377190,디앤디플랫폼리츠,3405,-15,-0.44,3455,3455,3390,88508,301068965,2.19282E+11,64400000
10955,S-Oil우,53900,-1700,-3.06,55800,55800,53800,34498,1868202300,2.16782E+11,4021927
540,흥국화재,3370,75,2.28,3295,3400,3265,118286,393975725,2.16498E+11,64242645
26890,스틱인베스트먼트,5160,-190,-3.55,5300,5340,5150,122548,638344310,2.15059E+11,41678175
11760,현대코퍼레이션,16200,-650,-3.86,16900,16900,16100,28213,461863650,2.14309E+11,13228966
84680,이월드,1510,-40,-2.58,1550,1560,1495,105922,160043330,2.14127E+11,141806193
4250,NPC,5820,-270,-4.43,6000,6060,5770,186584,1091744330,2.1371E+11,36720000
44450,KSS해운,9250,-130,-1.39,9370,9380,9070,20433,187850160,2.13544E+11,23085880
6060,화승인더,3850,-125,-3.14,3935,3950,3815,108248,418989045,2.12982E+11,55320000
200880,서연이화,7860,-290,-3.56,8150,8190,7860,194884,1547444350,2.12444E+11,27028437
8060,대덕,6210,-150,-2.36,6270,6330,6150,83724,521467790,2.10458E+11,33890150
430,대원강업,3390,-210,-5.83,3600,3600,3250,152111,523545315,2.1018E+11,62000000
96760,JW홀딩스,2980,-30,-1,3010,3010,2930,24488,72373815,2.09925E+11,70444706
11700,한신기계,6400,-400,-5.88,6820,6880,6390,590836,3893449200,2.07655E+11,32446151
404990,신한서부티엔디리츠,3645,-105,-2.8,3775,3775,3630,25853,94452945,2.03959E+11,55955884
15540,쎌마테라퓨틱스,6410,0,0,0,0,0,0,0,2.03176E+11,31696784
11280,태림포장,2865,-125,-4.18,2990,2995,2865,150319,437559180,2.02859E+11,70805940
3610,방림,4780,-290,-5.72,5070,5080,4780,375471,1846315940,2.02261E+11,42314090
71970,STX중공업,7080,-390,-5.22,7350,7370,7040,1169736,8378225500,2.00938E+11,28381042
3060,에이프로젠제약,503,9,1.82,495,511,482,1758529,867932138,2.00484E+11,398575882
00279K,아모레G3우(전환),28000,-500,-1.75,28250,28700,27500,737,20642100,1.98582E+11,7092200
39570,HDC랩스,7600,-390,-4.88,7830,7950,7580,21409,164314340,1.97278E+11,25957601
2100,경농,10100,-250,-2.42,10250,10350,10000,27707,279047450,1.97178E+11,19522575
103590,일진전기,5310,-140,-2.57,5440,5490,5200,245857,1304768020,1.96897E+11,37080390
23450,동남합성,54400,-200,-0.37,54800,54800,53500,315,16946700,1.96384E+11,3610000
10580,에스엠벡셀,1745,30,1.75,1720,1795,1660,98703,168683435,1.94134E+11,111251760
1340,백광산업,4310,-20,-0.46,4330,4365,4265,101405,435490895,1.93598E+11,44918407
58430,포스코스틸리온,32200,-950,-2.87,33000,33000,31500,69438,2229519150,1.932E+11,6000000
234080,JW생명과학,12150,-200,-1.62,12250,12350,12000,15835,191935350,1.9239E+11,15834554
101530,해태제과식품,6590,-210,-3.09,6800,6810,6560,26731,177230370,1.9188E+11,29116822
35150,백산,8180,-210,-2.5,8370,8450,8160,110759,914667980,1.91453E+11,23405000
155,두산우,47550,-1100,-2.26,48800,48800,47550,2792,134169750,1.90032E+11,3996462
15890,태경산업,6480,-20,-0.31,6470,6500,6370,81989,525772410,1.89402E+11,29228750
680,LS네트웍스,2400,45,1.91,2390,2400,2310,17697,41519480,1.89127E+11,78803016
15360,예스코홀딩스,31500,-200,-0.63,31700,31900,31100,2790,87196500,1.89E+11,6000000
15860,일진홀딩스,3820,-135,-3.41,3945,3950,3805,119275,460537860,1.88507E+11,49347483
1270,부국증권,18150,0,0,18150,18400,17450,17235,305346950,1.88213E+11,10369886
31440,신세계푸드,48050,-400,-0.83,48950,48950,47650,4978,239258400,1.86073E+11,3872480
9155,삼성전기우,64000,-400,-0.62,64600,64600,63200,3118,199143900,1.86047E+11,2906984
5680,삼영전자,9300,-140,-1.48,9420,9420,9180,40642,376457990,1.86E+11,20000000
1250,GS글로벌,2250,-100,-4.26,2330,2340,2230,481130,1087704450,1.85701E+11,82533764
2780,진흥기업,1275,-50,-3.77,1315,1330,1260,765381,985475165,1.85476E+11,145471745
16450,한세예스24홀딩스,4625,-200,-4.15,4825,4830,4605,25318,118317795,1.85E+11,40000000
14280,금강공업,6190,-330,-5.06,6440,6470,6110,229309,1428546950,1.81549E+11,29329357
4970,신라교역,11300,-400,-3.42,11600,11600,11150,10846,122677200,1.808E+11,16000000
3555,LG우,59700,-700,-1.16,60300,60300,59300,4884,291328300,1.80391E+11,3021620
1360,삼성제약,2685,-40,-1.47,2740,2740,2650,195799,524650455,1.8033E+11,67162079
214330,금호에이치티,892,-19,-2.09,906,916,891,624936,560839705,1.7933E+11,201042738
194370,제이에스코퍼레이션,13400,-650,-4.63,13850,13950,13400,55482,751480250,1.78697E+11,13335601
334890,이지스밸류리츠,4840,-10,-0.21,4845,4875,4765,20394,98352030,1.77847E+11,36745335
5389,현대차3우B,72800,-2200,-2.93,75000,75000,72600,7692,565253200,1.76812E+11,2428735
267850,아시아나IDT,15900,-1650,-9.4,17100,17150,15900,206897,3446132000,1.7649E+11,11100000
79430,현대리바트,8590,-470,-5.19,8910,9020,8530,68091,592521460,1.76398E+11,20535282
2210,동성제약,6680,20,0.3,6580,6680,6500,18173,119731920,1.74354E+11,26100970
128820,대성산업,3850,-125,-3.14,3915,3960,3850,120895,470163960,1.74157E+11,45235478
16610,DB금융투자,4100,-120,-2.84,4225,4225,4090,133552,549090630,1.7403E+11,42446389
417310,코람코더원리츠,4270,-45,-1.04,4320,4335,4205,21572,92024460,1.72508E+11,40400000
28100,동아지질,12150,-550,-4.33,12750,12750,12050,29214,358352500,1.7074E+11,14052646
105840,우진,8380,-120,-1.41,8520,8670,8260,188579,1589755180,1.70312E+11,20323614
12610,경인양행,4090,-110,-2.62,4155,4205,4060,75390,309361235,1.70211E+11,41616365
70960,용평리조트,3530,-30,-0.84,3560,3595,3475,48163,170384110,1.69911E+11,48133333
100250,진양홀딩스,3025,-50,-1.63,3075,3075,3000,52950,160311095,1.69083E+11,55895292
30210,다올투자증권,2800,-100,-3.45,2905,2905,2795,358191,1016554180,1.68879E+11,60314092
79980,휴비스,4885,-65,-1.31,4950,4990,4880,14712,72262450,1.68533E+11,34500000
700,유수홀딩스,6400,-280,-4.19,6680,6720,6400,84136,544829410,1.66668E+11,26041812
5960,동부건설,7260,-260,-3.46,7520,7520,7190,181466,1324162360,1.66071E+11,22874822
02826K,삼성물산우B,102000,-4000,-3.77,106000,106000,102000,1670,172692000,1.65997E+11,1627425
14160,대영포장,1530,-20,-1.29,1555,1575,1530,384926,597806570,1.65844E+11,108394549
5945,NH투자증권우,8740,-140,-1.58,8850,8860,8690,81486,713830660,1.64932E+11,18870968
168490,한국패러랠,2055,10,0.49,2080,2080,2055,24295,50315655,1.64441E+11,80020000
4710,한솔테크닉스,5100,-200,-3.77,5240,5270,5070,56641,290875570,1.6376E+11,32109878
7860,서연,6930,-200,-2.81,7080,7150,6820,128582,893963660,1.62715E+11,23479844
13580,계룡건설,18200,150,0.83,17950,18200,17700,25410,456197800,1.62543E+11,8930907
372910,한컴라이프케어,5850,80,1.39,5800,6000,5630,312186,1813984770,1.61895E+11,27674406
12030,DB,803,-4,-0.5,806,806,784,183755,145836318,1.61543E+11,201173933
390,삼화페인트,5880,-120,-2,5950,6050,5800,64359,381801490,1.59956E+11,27203469
248170,샘표식품,34750,-750,-2.11,35500,35500,34500,9333,326721350,1.58748E+11,4568286
9270,신원,1545,-75,-4.63,1605,1605,1530,933833,1455068660,1.58496E+11,102586356
2170,삼양통상,52800,0,0,52800,52800,51600,606,31544000,1.584E+11,3000000
10820,퍼스텍,3280,-170,-4.93,3400,3400,3205,3884171,12743387550,1.57642E+11,48061460
11810,STX,5500,-660,-10.71,5840,5910,5430,2378432,13473355530,1.57418E+11,28621454
9410,태영건설,4030,-75,-1.83,4075,4105,3965,143192,575406740,1.56763E+11,38899098
94280,효성ITX,13550,-250,-1.81,14000,14000,13550,3711,50849450,1.56614E+11,11558200
4560,현대비앤지스틸,10350,-150,-1.43,10500,10500,10100,37641,384956800,1.56066E+11,15078811
11500,한농화성,9970,-230,-2.25,10150,10300,9800,115949,1158379560,1.55901E+11,15637042
282690,동아타이어,11350,-100,-0.87,11550,11550,11250,32184,364999450,1.5587E+11,13733015
3830,대한화섬,117000,0,0,116000,117000,113500,195,22425000,1.55376E+11,1328000
90350,노루페인트,7740,-220,-2.76,7940,7990,7740,47110,368256160,1.548E+11,20000000
970,한국주철관,6780,-220,-3.14,6920,6970,6770,41331,282277080,1.54587E+11,22800500
24090,디씨엠,13550,-400,-2.87,13850,13900,13400,17240,233861350,1.5447E+11,11400000
4310,현대약품,4790,-250,-4.96,5050,5070,4750,558120,2694793780,1.5328E+11,32000000
33530,세종공업,5480,-60,-1.08,5540,5570,5390,35849,194888890,1.52459E+11,27820961
134380,미원화학,68700,0,0,68700,68800,68400,608,41699700,1.5109E+11,2199268
109070,컨버즈,4100,0,0,0,0,0,0,0,1.50922E+11,36810230
267290,경동도시가스,25300,-1550,-5.77,26600,26600,25050,78253,1996713950,1.49154E+11,5895406
19440,세아특수강,17150,-700,-3.92,17550,17550,17000,35952,617446900,1.46976E+11,8570000
6490,인스코비,1290,-50,-3.73,1315,1340,1285,327544,428064620,1.44491E+11,112008577
17550,수산중공업,2665,-125,-4.48,2790,2805,2650,418751,1130187950,1.4387E+11,53985163
400760,NH올원리츠,3400,15,0.44,3385,3440,3310,176951,597137550,1.4348E+11,42200000
14580,태경비케이,5200,-250,-4.59,5420,5430,5150,536616,2809516230,1.43432E+11,27583100
36580,팜스코,3900,10,0.26,3870,3910,3695,134699,511792005,1.43239E+11,36727943
78520,에이블씨엔씨,5240,-120,-2.24,5380,5380,5140,45094,235611020,1.41655E+11,27033459
33920,무학,4935,-65,-1.3,5000,5000,4930,50397,250152370,1.40648E+11,28500000
4080,신흥,14800,-100,-0.67,14750,14900,14700,1403,20688800,1.406E+11,9500000
100840,SNT에너지,18650,-800,-4.11,19400,19500,18550,31955,602316900,1.4E+11,7506711
13570,디와이,5300,-150,-2.75,5380,5380,5210,78978,415138630,1.39494E+11,26319633
7210,벽산,2020,-10,-0.49,2010,2055,1980,100878,202542885,1.38491E+11,68560000
4150,한솔홀딩스,3270,-70,-2.1,3330,3330,3240,127663,417851295,1.37368E+11,42008577
9070,KCTC,4550,-160,-3.4,4630,4635,4460,67670,305167475,1.365E+11,30000000
7540,샘표,47400,-1500,-3.07,48650,48900,47100,13710,656681550,1.36313E+11,2875800
210540,디와이파워,12250,-550,-4.3,12750,12800,12100,92751,1146589750,1.35261E+11,11041708
860,강남제비스코,20750,-250,-1.19,21000,21000,20650,1543,31989750,1.34875E+11,6500000
3160,디아이,4745,-170,-3.46,4915,4915,4650,109022,521778370,1.34284E+11,28300000
320,노루홀딩스,9970,-380,-3.67,10300,10300,9970,51945,521377240,1.32513E+11,13291151
2700,신일전자,1860,-20,-1.06,1865,1880,1840,319554,591670425,1.32148E+11,71047521
92200,디아이씨,3370,-30,-0.88,3400,3430,3270,134263,448078965,1.31054E+11,38888569
123690,한국화장품,8140,-260,-3.1,8330,8430,8070,300875,2473495410,1.30794E+11,16068000
4090,한국석유,10300,-400,-3.74,10700,10750,10300,57718,604315950,1.30749E+11,12694120
63160,종근당바이오,23800,-200,-0.83,24000,24300,22900,19814,465638500,1.30566E+11,5485962
180,성창기업지주,1860,-40,-2.11,1890,1900,1845,95074,176595655,1.29738E+11,69751600
3350,한국화장품제조,28550,-1150,-3.87,29200,29650,27650,359827,10315023400,1.29389E+11,4532000
8700,아남전자,1670,-40,-2.34,1710,1715,1645,284381,476832730,1.28798E+11,77124820
8260,NI스틸,4475,5,0.11,4410,4505,4355,203257,901132795,1.27986E+11,28600117
5430,한국공항,40250,-450,-1.11,40500,40550,39000,13462,534812900,1.27446E+11,3166355
8040,사조동아원,902,-33,-3.53,935,936,896,1248504,1133280431,1.27312E+11,141144600
4140,동방,2645,-140,-5.03,2750,2770,2630,378898,1022035395,1.26885E+11,47971766
3650,미창석유,72900,100,0.14,72700,72900,72100,744,53853200,1.26822E+11,1739672
17900,광전자,2185,-20,-0.91,2205,2215,2165,53861,117520565,1.26607E+11,57943763
14530,극동유화,3630,-165,-4.35,3800,3800,3560,146921,537165595,1.26576E+11,34869420
3460,유화증권,2230,-20,-0.89,2250,2250,2180,8096,17895765,1.26446E+11,56702415
89470,HDC현대EP,3955,-70,-1.74,4025,4025,3915,12851,50832280,1.26165E+11,31900000
120030,조선선재,99700,-1800,-1.77,101000,101500,99100,8029,803402400,1.25388E+11,1257651
6890,태경케미컬,10750,-50,-0.46,10850,10900,10600,35664,382412250,1.247E+11,11600000
33626K,두산퓨얼셀1우,9330,-490,-4.99,9660,9830,9330,12878,122269840,1.24688E+11,13364200
500,가온전선,19500,-900,-4.41,20000,20350,19100,86218,1679301800,1.23999E+11,6358926
1080,만호제강,29500,-1900,-6.05,31500,32250,29500,10631,318632000,1.22425E+11,4150000
34590,인천도시가스,27900,-800,-2.79,28700,28700,27250,7338,204143100,1.22056E+11,4374754
2600,조흥,202500,1000,0.5,201500,203000,200500,53,10679000,1.215E+11,600000
91090,세원이앤씨,560,-96,-14.63,663,663,489,24339894,13575472004,1.20474E+11,215132047
32560,황금에스티,6970,-190,-2.65,7160,7160,6930,84210,591208470,1.1849E+11,17000000
7280,한국특강,1945,35,1.83,1945,1955,1880,110749,211577870,1.17847E+11,60589598
520,삼일제약,8580,240,2.88,8500,8840,8160,1507417,12846148100,1.1767E+11,13714450
96775,SK이노베이션우,93900,-2300,-2.39,96600,96600,92900,4975,465613000,1.17227E+11,1248426
2450,삼익악기,1285,-45,-3.38,1310,1315,1280,147905,190808740,1.16332E+11,90530915
13360,일성건설,2140,-70,-3.17,2205,2205,2090,157236,335629170,1.15613E+11,54024880
10040,한국내화,2815,-45,-1.57,2865,2865,2700,41099,115658890,1.15604E+11,41067062
3480,한진중공업홀딩스,3895,5,0.13,3855,3925,3695,35383,134048100,1.15019E+11,29529812
2200,한국수출포장,28750,-50,-0.17,28500,29100,28150,8388,238612250,1.15E+11,4000000
33180,KH 필룩스,663,-27,-3.91,685,689,660,1679650,1119571140,1.13573E+11,171301102
3547,대신증권2우B,11300,-400,-3.42,11700,11700,11150,29502,334769700,1.13E+11,10000000
8970,동양철관,943,-30,-3.08,971,972,931,488660,462856050,1.12109E+11,118885290
308170,센트랄모텍,13000,-350,-2.62,13350,13400,12950,35210,459634050,1.1193E+11,8610000
1045,CJ우,49200,-600,-1.2,49800,50100,49100,1055,52114100,1.11203E+11,2260223
2720,국제약품,5500,-240,-4.18,6050,6100,5450,5238257,30959688280,1.11073E+11,20195149
350520,이지스레지던스리츠,3905,-75,-1.88,3940,3980,3880,31228,122136675,1.1074E+11,28358617
12800,대창,1205,-30,-2.43,1225,1240,1200,140917,170253480,1.09824E+11,91140499
244920,에이플러스에셋,4840,-115,-2.32,4955,4955,4835,70143,341994905,1.09421E+11,22607693
8870,금비,109000,-6500,-5.63,112500,122000,107000,96359,10922610500,1.09E+11,1000000
4060,SG세계물산,534,-12,-2.2,542,549,530,543307,291237432,1.08095E+11,202424960
396690,미래에셋글로벌리츠,3700,-60,-1.6,3800,3800,3690,64339,238452280,1.07522E+11,29060000
220,유유제약,6220,-170,-2.66,6390,6390,6160,95016,591692620,1.07185E+11,17232351
23800,인지컨트롤스,6990,-190,-2.65,7140,7140,6940,35077,245155100,1.07179E+11,15333213
23000,삼원강재,2670,-35,-1.29,2670,2750,2620,60620,161244610,1.068E+11,40000000
14990,인디에프,1510,-70,-4.43,1540,1595,1500,1419769,2181847385,1.06777E+11,70712995
2460,화성산업,10500,-50,-0.47,10400,10550,10100,44011,454754600,1.06575E+11,10150000
264900,크라운제과,8500,-260,-2.97,8760,8760,8400,36381,310645100,1.06453E+11,12523850
6370,대구백화점,9820,-10,-0.1,9810,9910,9710,916,8946580,1.06268E+11,10821611
4720,팜젠사이언스,6680,-360,-5.11,6970,7040,6510,166510,1128826150,1.0575E+11,15830890
214420,토니모리,4395,-140,-3.09,4510,4520,4365,184592,815277305,1.05721E+11,24054799
25820,이구산업,3130,35,1.13,3055,3180,3035,422251,1316862685,1.04673E+11,33442000
1750,한양증권,8210,-400,-4.65,8580,8610,8210,28164,234831310,1.04501E+11,12728534
4540,깨끗한나라,2800,-55,-1.93,2840,2850,2755,36244,101569020,1.04274E+11,37240693
12690,모나리자,2850,-95,-3.23,2920,2945,2805,106739,305256630,1.04228E+11,36571255
9190,대양금속,3200,25,0.79,3110,3200,3050,290459,905166030,1.0397E+11,32490591
12200,계양전기,3170,-90,-2.76,3215,3260,3090,102470,323135135,1.03342E+11,32600000
47400,유니온머티리얼,2460,-55,-2.19,2485,2520,2400,393390,963181385,1.0332E+11,42000000
11150,CJ씨푸드,2875,120,4.36,3030,3455,2875,12908812,41790598120,1.03301E+11,35930773
67830,세이브존I&C,2500,-50,-1.96,2550,2550,2500,9547,23910305,1.02602E+11,41040895
9200,무림페이퍼,2450,-105,-4.11,2535,2550,2440,194678,482078215,1.01943E+11,41609310
14790,HL D&I,2680,-125,-4.46,2790,2790,2650,73350,197903490,1.01461E+11,37858601
5740,크라운해태홀딩스,6790,-110,-1.59,6850,6890,6720,25994,176361730,1.00813E+11,14847347
5800,신영와코루,11150,450,4.21,10700,11200,10500,3502,37545400,1.0035E+11,9000000
380440,엔에이치스팩19호,1955,5,0.26,1950,1955,1945,79772,155666835,1.00272E+11,51290000
92440,기신정기,3430,-30,-0.87,3440,3490,3395,34250,117615030,1.00156E+11,29200000
357430,마스턴프리미어리츠,3715,-45,-1.2,3760,3765,3660,40965,151783775,98744700000,26580000
4960,한신공영,8490,-220,-2.53,8700,8730,8440,58231,497776540,98235259980,11570702
8110,대동전자,9320,-330,-3.42,9570,9670,9310,50711,478333470,97770966040,10490447
35000,지투알,5900,-40,-0.67,5940,5950,5820,10195,59982160,97747713100,16567409
17180,명문제약,2870,45,1.59,2840,2880,2725,137341,385253860,97446412980,33953454
75180,새론오토모티브,5060,10,0.2,5020,5070,4965,11923,59516970,97152000000,19200000
16090,대현,2190,-135,-5.81,2285,2295,2190,523117,1165766915,96978258900,44282310
2760,보락,1610,-35,-2.13,1695,1700,1570,1551285,2534426630,96439000000,59900000
4910,조광페인트,7520,-230,-2.97,7800,7800,7410,18869,142641130,96256000000,12800000
13700,까뮤이앤씨,2130,5,0.24,2120,2165,2105,488699,1041828320,96174356400,45152280
24890,대원화성,2325,-45,-1.9,2385,2400,2320,304994,716441855,95904278400,41249152
10960,삼호개발,3820,-125,-3.17,3945,3945,3800,39670,152525105,95500000000,25000000
03473K,SK우,168000,-2000,-1.18,170000,170000,168000,879,148002500,95110680000,566135
16880,웅진,1185,5,0.42,1185,1205,1175,271440,322868570,94713589800,79927080
11690,와이투솔루션,594,-1,-0.17,591,598,585,222405,131053855,94585968378,159235637
227840,현대코퍼레이션홀딩스,10350,-250,-2.36,10550,10550,10250,19270,199489650,94193652600,9100836
58850,KTcs,2185,-80,-3.53,2265,2265,2170,112937,248889075,93266725000,42685000
19175,신풍제약우,41550,-550,-1.31,42200,42200,41200,3355,139325200,91410000000,2200000
2360,SH에너지화학,821,-22,-2.61,840,845,821,1047229,870348382,91240792330,111133730
93230,이아이디,862,-36,-4.01,862,890,858,535076,463173239,90981746740,105547270
300,대유플러스,750,-31,-3.97,777,785,745,582871,441837093,90749080500,120998774
9470,삼화전기,13700,-500,-3.52,14200,14200,13550,8467,116375900,90609334000,6613820
3560,IHQ,423,-11,-2.53,432,438,412,1929358,817105476,90562459104,214095648
4770,써니전자,2595,15,0.58,2580,2600,2535,277458,711992925,90422803545,34845011
17040,광명전기,2085,-85,-3.92,2175,2175,2075,251163,529165920,90358927275,43337615
69640,한세엠케이,2965,-25,-0.84,3005,3005,2900,4704,13971325,89265778430,30106502
446070,유니드비티플러스,8400,50,0.6,8230,8710,8230,833630,7079490360,89134206000,10611215
2795,아모레G우,13800,-100,-0.72,13800,13800,13400,6373,86829400,88924026000,6443770
11330,유니켐,1215,-10,-0.82,1225,1225,1190,83614,100919650,88599477915,72921381
155660,DSR,5530,-270,-4.66,5800,5800,5530,24059,135235800,88480000000,16000000
58730,다스코,4550,-235,-4.91,4785,4815,4500,319263,1476679260,88256081550,19396941
2140,고려산업,3470,-95,-2.66,3550,3560,3405,267098,921910850,86539804750,24939425
1560,제일연마,8650,-180,-2.04,8830,8830,8470,6885,59106750,86500000000,10000000
650,천일고속,60500,0,0,60000,60500,59800,1114,67227900,86467810000,1429220
1260,남광토건,8780,-220,-2.44,8920,9000,8680,31544,277531810,86298742920,9829014
163560,동일고무벨트,6200,-410,-6.2,6520,6550,6180,58087,364044740,86180000000,13900000
7590,동방아그로,6310,-180,-2.77,6460,6460,6310,11412,72469680,85926910870,13617577
890,보해양조,617,-3,-0.48,616,622,614,212674,131315414,85837119593,139120129
5870,휴니드,6050,-300,-4.72,6320,6320,6030,234080,1438007430,85401890750,14116015
44820,코스맥스비티아이,8870,-310,-3.38,9100,9120,8830,14525,129476840,85186779270,9603921
78000,텔코웨어,8750,-20,-0.23,8770,8770,8690,351,3069600,84898677500,9702706
13870,지엠비코리아,4450,-80,-1.77,4535,4535,4440,14195,63509520,84871646000,19072280
9810,플레이그램,800,12,1.52,788,823,762,358539,283534628,84412521600,105515652
58860,KTis,2415,-30,-1.23,2440,2445,2380,83626,201386655,84046830000,34802000
2410,범양건영,3380,-140,-3.98,3485,3510,3340,246124,836455625,83932099160,24831982
7980,태평양물산,1715,-65,-3.65,1755,1775,1695,729788,1257794890,83410861765,48636071
129260,인터지스,2800,-115,-3.95,2900,2900,2780,142937,403101425,83294047200,29747874
102280,쌍방울,317,-14,-4.23,332,332,315,1971433,631010993,83241704893,262592129
25750,한솔홈데코,1025,-25,-2.38,1040,1055,1025,270181,278782195,82579277725,80565149
1290,상상인증권,760,4,0.53,753,761,745,226672,170430519,82336211200,108337120
10100,한국프랜지,2700,-75,-2.7,2765,2765,2640,40597,108865730,82216134000,30450420
2880,대유에이텍,711,2,0.28,696,750,688,343988,245910404,82007542008,115341128
3720,삼영화학,2410,-90,-3.6,2460,2485,2410,89947,217823370,81940000000,34000000
4840,DRB동일,4080,-70,-1.69,4180,4185,4080,3353,13736555,81314400000,19930000
3780,진양산업,6240,-90,-1.42,6250,6340,6210,29732,185861250,81120000000,13000000
16740,두올,2445,-45,-1.81,2480,2480,2360,75280,181568490,80848032600,33066680
28513K,SK케미칼우,37700,-1400,-3.58,39050,39050,37650,8567,325392700,79751673300,2115429
9460,한창제지,1335,-75,-5.32,1390,1405,1325,379712,509051505,79656093810,59667486
1550,조비,15300,450,3.03,14800,15550,14800,22704,341641150,79441256700,5192239
4450,삼화왕관,36850,-1000,-2.64,37700,39400,36850,22091,835796550,79388866150,2154379
15590,큐로,343,-2,-0.58,345,348,343,146348,50553027,79305591834,231211638
6660,삼성공조,9750,0,0,9700,9750,9380,8164,78180520,79231561500,8126314
6340,대원전선,1100,-30,-2.65,1130,1140,1090,185831,205084635,79160987400,71964534
111110,호전실업,8110,-380,-4.48,8480,8480,8010,57958,473340000,79072370240,9749984
7110,일신석재,1020,-50,-4.67,1060,1070,1020,522887,542462665,79005742200,77456610
134790,시디즈,39250,-850,-2.12,39750,40100,39200,4690,184963050,78500000000,2000000
4830,덕성,5000,-90,-1.77,5070,5070,4960,70745,353631030,78400000000,15680000
6380,카프로,1960,-40,-2,2010,2030,1960,59556,117946310,78400000000,40000000
8250,이건산업,7140,-270,-3.64,7400,7400,7100,47838,343572640,78201813900,10952635
24900,덕양산업,2395,-5,-0.21,2330,2395,2280,74160,172380735,77993127100,32564980
14710,사조씨푸드,4525,-105,-2.27,4650,4910,4510,392510,1862764715,77913907075,17218543
9180,한솔로지스틱스,2820,-60,-2.08,2845,2855,2765,114788,321584015,77486338500,27477425
3010,혜인,6050,-300,-4.72,6320,6350,6020,269262,1647166380,76912119350,12712747
1380,SG글로벌,1705,-60,-3.4,1755,1780,1705,200406,347769745,76663863815,44964143
11390,부산산업,72500,-2300,-3.07,74800,74900,72100,4749,346312200,76560000000,1056000
100220,비상교육,5850,-120,-2.01,5880,5950,5810,14179,83218800,76030934850,12996741
27740,마니커,1195,25,2.14,1165,1200,1140,285057,331566890,75895917460,63511228
1140,국보,728,-55,-7.02,770,778,712,1110642,810210183,75639265520,103900090
338100,NH프라임리츠,4040,10,0.25,4040,4050,4010,11099,44820005,75386400000,18660000
4410,서울식품,201,-4,-1.95,205,205,199,1284396,258402936,75325867359,374755559
6090,사조오양,7990,-70,-0.87,8010,8150,7980,14014,112899900,75287684610,9422739
2220,한일철강,2815,-60,-2.09,2875,2900,2755,50707,141589705,75153349900,26697460
950,전방,44450,-1050,-2.31,45950,47200,43650,2739,122359100,74676000000,1680000
31820,콤텍시스템,607,-18,-2.88,620,622,604,378250,230563129,73478239862,121051466
23350,한국종합기술,6710,-290,-4.14,6910,6970,6690,109265,740499250,73474500000,10950000
910,유니온,4705,-105,-2.18,4775,4820,4690,35480,168044840,73452667395,15611619
5110,한창,917,6,0.66,911,930,905,2025255,1858194667,72805827556,79395668
2630,오리엔트바이오,613,-6,-0.97,616,623,613,196303,120864057,72691382065,118583005
157,두산2우B,81100,-1300,-1.58,81100,82000,80400,151,12221300,72425381800,893038
143210,핸즈코퍼레이션,3305,55,1.69,3195,3470,3195,58704,198175150,72258100740,21863268
12160,영흥,709,-21,-2.88,729,741,705,96955,69565781,71829053748,101310372
4440,삼일씨엔에스,5600,-190,-3.28,5700,5760,5590,10233,57702440,71298903200,12731947
6880,신송홀딩스,5990,-240,-3.85,6180,6230,5910,106301,639350360,70854859420,11828858
10600,웰바이오텍,1065,-40,-3.62,1080,1100,1050,387792,413532265,70750190760,66432104
49800,우진플라임,3530,-35,-0.98,3525,3580,3450,35244,123236750,70600000000,20000000
12170,아센디오,829,-11,-1.31,824,849,812,93363,76700065,70125796412,84590828
13520,화승코퍼레이션,1400,-50,-3.45,1450,1450,1385,63638,89703845,70071752800,50051252
4270,남성,1930,-100,-4.93,2000,2010,1925,95200,186919660,69889468800,36212160
357250,미래에셋맵스리츠,3470,-5,-0.14,3475,3475,3450,8697,30075995,69747000000,20100000
85310,엔케이,870,1,0.12,863,870,854,64388,55389305,69585516240,79983352
2920,유성기업,2675,-35,-1.29,2710,2710,2655,16482,44128915,69409562500,25947500
10660,화천기계,3150,-140,-4.26,3290,3295,3110,365205,1157874875,69300000000,22000000
69730,DSR제강,4775,-225,-4.5,4920,4950,4755,56938,275248305,68760000000,14400000
9320,대우부품,1440,-10,-0.69,1425,1460,1425,100196,143821710,68610780000,47646375
14440,영보화학,3420,-70,-2.01,3440,3455,3340,31694,107609615,68400000000,20000000
378850,화승알앤에이,3595,-55,-1.51,3590,3660,3535,27276,98523485,68282074685,18993623
69460,대호에이엘,1300,-40,-2.99,1350,1365,1285,480925,628694045,67604574700,52003519
33637K,솔루스첨단소재1우,7980,0,0,7910,8040,7830,15938,126206500,67472647620,8455219
850,화천기공,30650,-150,-0.49,30850,31000,30350,5017,153241400,67430000000,2200000
71090,하이스틸,3300,-220,-6.25,3485,3495,3295,155773,525197650,66631854300,20191471
23810,인팩,6660,-50,-0.75,6610,6660,6470,12648,82714180,66600000000,10000000
590,CS홀딩스,57600,-2300,-3.84,59000,59300,57400,1608,93347100,66498163200,1154482
6980,우성,21500,-400,-1.83,21500,21850,21400,2373,50901100,66435000000,3090000
34300,신세계건설,16550,-500,-2.93,17050,17100,16200,9436,156694300,66200000000,4000000
8420,문배철강,3220,-110,-3.3,3310,3340,3220,135324,443389030,66021286100,20503505
120115,코오롱인더우,23800,-200,-0.83,23800,24000,23550,5869,139277700,65875068000,2767860
3080,성보화학,3275,-10,-0.3,3290,3290,3200,17094,55232870,65565500000,20020000
123700,SJM,4200,-185,-4.22,4385,4385,4170,61074,259777935,65540571600,15604898
15260,에이엔피,1610,-15,-0.92,1615,1625,1545,122778,193379135,65335656330,40581153
41650,상신브레이크,3025,-205,-6.35,3190,3190,2995,48591,148826735,64951136250,21471450
27970,세하,1125,-10,-0.88,1120,1165,1100,122650,137396855,64758371625,57562997
90080,평화산업,1175,-20,-1.67,1180,1190,1155,172280,201164790,64510154325,54902259
105,유한양행우,54600,-400,-0.73,54100,55000,54100,545,29784800,64479324000,1180940
26940,부국철강,3205,-140,-4.19,3310,3345,3200,120090,390671135,64100000000,20000000
9770,삼정펄프,25500,-300,-1.16,25800,25800,25200,1264,32262550,63749260500,2499971
9440,KC그린홀딩스,2820,-5,-0.18,2790,2825,2745,20515,57303105,63266643600,22434980
92780,동양피스톤,4795,-80,-1.64,4790,4875,4680,35432,169538805,63142765700,13168460
14130,한익스프레스,5260,-80,-1.5,5270,5350,5160,12837,67209230,63120000000,12000000
19180,티에이치엔,3495,-130,-3.59,3620,3620,3460,92107,323006180,62910000000,18000000
5750,대림B&Co,3770,-25,-0.66,3750,3790,3710,33271,124319500,62854344800,16672240
133820,화인베스틸,2090,-55,-2.56,2135,2135,2070,33593,70140965,62244256690,29781941
20760,일진디스플,1205,10,0.84,1180,1215,1170,73087,86198045,62074057905,51513741
21820,세원정공,6150,-120,-1.91,6300,6360,6120,112101,697556270,61500000000,10000000
1620,케이비아이동국실업,610,-8,-1.29,612,618,600,50446,30839555,61166539760,100273016
90370,메타랩스,2445,-50,-2,2590,2590,2420,22593,55686545,60891964605,24904689
78935,GS우,34100,-150,-0.44,34200,34200,33950,5941,202402800,60862566600,1784826
5320,국동,1085,-55,-4.82,1120,1125,1070,347692,379418825,60328643060,55602436
5360,모나미,3175,-90,-2.76,3295,3310,3170,63387,204277560,59998949725,18897307
17370,우신시스템,3200,-5,-0.16,3170,3205,3105,54003,170256755,58604972800,18314054
725,현대건설우,55000,-200,-0.36,55100,55300,55000,1702,93730800,58008115000,1054693
5305,롯데칠성우,74600,0,0,75300,75300,73700,566,42180700,57838126000,775310
4870,티웨이홀딩스,525,-30,-5.41,555,555,514,841212,441090693,57472887675,109472167
215,DL우,33900,-800,-2.31,34850,35000,33500,1011,34285250,57159298500,1686115
6805,미래에셋증권우,4040,-75,-1.82,4120,4125,4000,5793,23457965,56866030000,14075750
51630,진양화학,3595,-35,-0.96,3590,3640,3565,10424,37383810,56801000000,15800000
23150,MH에탄올,7610,-240,-3.06,7850,7870,7560,19902,152100170,56150582860,7378526
21050,서원,1175,-50,-4.08,1215,1230,1175,123817,147272820,55782643250,47474590
10770,평화홀딩스,3750,-75,-1.96,3775,3820,3735,56188,211492925,54845497500,14625466
6570,대림통상,3570,-210,-5.56,3770,3770,3570,6441,23354805,54353250000,15225000
37550L,DL이앤씨2우(전환),25700,-950,-3.56,26650,26650,24450,2677,68674500,54277140700,2111951
1275,부국증권우,18000,-350,-1.91,18300,18300,17900,4187,75375350,54000000000,3000000
7610,선도전기,3000,0,0,0,0,0,0,0,54000000000,18000000
40,KR모터스,560,-2,-0.36,569,569,554,140872,78752594,53837540400,96138465
4100,태양금속,1445,15,1.05,1430,1450,1390,158301,224301445,53031500000,36700000
101140,인바이오젠,775,-41,-5.02,800,850,769,337376,264805142,52414564400,67631696
1020,페이퍼코리아,1095,-25,-2.23,1110,1130,1080,97216,107144790,52085656950,47566810
25530,SJM홀딩스,3425,-210,-5.78,3600,3615,3385,67979,235515255,51148977400,14934008
11300,성안,890,50,5.95,831,896,829,568408,496529890,50603495400,56857860
145210,다이나믹디자인,3590,-195,-5.15,3780,3780,3585,525402,1915466555,50048376680,13941052
23960,에쓰씨엔지니어링,1595,-5,-0.31,1580,1630,1575,76143,121576650,49842721225,31249355
37550K,DL이앤씨우,23300,-500,-2.1,23850,23850,22800,2372,54852150,49253520500,2113885
25560,미래산업,10850,-700,-6.06,11550,11550,10850,23316,257269200,48304275950,4452007
44380,주연테크,806,-48,-5.62,856,856,794,490844,398502964,47714590664,59199244
8775,호텔신라우,62900,0,0,62500,63600,62000,5740,360418900,47293189100,751879
5820,원림,20550,0,0,20300,20600,20300,1671,34253850,47223283500,2297970
13000,세우글로벌,1640,-65,-3.81,1685,1695,1630,257351,424810645,47076250840,28705031
5030,부산주공,643,-36,-5.3,679,679,642,1077750,702020277,46893339284,72928988
11420,갤럭시아에스엠,1700,-45,-2.58,1725,1745,1680,41188,70167010,46834394800,27549644
6200,한국전자홀딩스,1000,-35,-3.38,1035,1035,989,248205,248181848,46803136000,46803136
18500,동원금속,1000,-45,-4.31,1025,1035,999,217585,219765227,46754933000,46754933
8600,윌비스,689,-6,-0.86,695,695,674,92947,63163974,46325630871,67236039
11090,에넥스,768,-29,-3.64,791,798,768,218047,170495537,46073580288,59991641
155900,바다로19호,2975,5,0.17,2975,2980,2960,9311,27658610,45220011900,15200004
12600,센트럴인사이트,2490,0,0,0,0,0,0,0,45159499050,18136345
10640,진양폴리,4420,-90,-2,4500,4500,4360,20958,92303005,44200000000,10000000
760,이화산업,15750,-650,-3.96,15950,16300,15750,534,8538350,44100000000,2800000
118000,초록뱀헬스케어,520,-21,-3.88,539,540,519,544877,286751930,44046592200,84704985
3465,유화증권우,2460,0,0,2440,2460,2440,34,83620,42992005500,17476425
145270,케이탑리츠,885,-25,-2.75,910,914,880,128355,113943335,42533784990,48060774
12280,영화금속,796,-16,-1.97,805,812,792,150300,120073367,42502025980,53394505
2690,동일제강,2070,-75,-3.5,2115,2130,2050,64462,134468990,42021745200,20300360
9310,참엔지니어링,710,-21,-2.87,727,729,702,167340,118996766,41795867490,58867419
24070,WISCOM,2695,0,0,2635,2695,2635,8068,21400610,41304750410,15326438
93240,형지엘리트,1310,-60,-4.38,1355,1375,1300,123582,162989925,40812785380,31154798
3925,남양유업우,242500,-500,-0.21,239000,242500,239000,230,55534000,40415535000,166662
30720,동원수산,8680,-290,-3.23,8950,8960,8650,47224,413167590,40395027400,4653805
2870,신풍,1150,-50,-4.17,1195,1200,1135,145092,166653280,40202505000,34958700
84670,동양고속,13850,-450,-3.15,14450,14450,13800,438,6112700,40103630650,2895569
2420,세기상사,7570,-80,-1.05,7600,7700,7560,6879,52318260,40069130360,5293148
72130,유엔젤,3010,-50,-1.63,3010,3040,2980,79364,238455430,39718316540,13195454
2820,SUN&L,3100,-90,-2.82,3150,3160,3085,18691,58317550,39084765900,12607989
7120,미래아이앤지,280,-6,-2.1,286,286,278,419312,117696394,39037018720,139417924
10400,우진아이엔에스,5110,-90,-1.73,5200,5210,5110,8800,45193730,38948420000,7622000
1770,SHD,31900,-1000,-3.04,32900,33100,31250,11877,378424350,38754608200,1214878
4920,씨아이테크,876,-11,-1.24,870,887,800,593903,507374383,38202415188,43610063
6125,SK디스커버리우,28000,-500,-1.75,28350,28450,27950,1127,31756950,38036740000,1358455
9140,경인전자,24200,-200,-0.82,24000,24200,23500,2797,66212550,38013287400,1570797
9835,한화솔루션우,33800,-600,-1.74,34100,34400,33200,3013,101049200,37982310600,1123737
2070,비비안,1270,-35,-2.68,1300,1300,1250,96683,122283810,37838367300,29793990
3075,코오롱글로벌우,36400,0,0,0,0,0,0,0,35903103600,986349
15020,이스타코,820,-37,-4.32,857,857,806,140233,115679694,35138312000,42851600
11230,삼화전자,2890,35,1.23,2825,2950,2780,31798,90675315,34976803000,12102700
33626L,두산퓨얼셀2우B,11700,-200,-1.68,11750,12150,11700,1532,18024000,34939710000,2986300
84870,TBH글로벌,1640,-80,-4.65,1685,1695,1605,70539,116308010,34205183160,20856819
00499K,롯데지주우,42400,0,0,42400,43750,41750,365,15502150,34157567200,805603
3495,대한항공우,30700,-1050,-3.31,31750,31750,30500,4523,139843100,34101375800,1110794
88790,진도,2635,-110,-4.01,2715,2720,2635,24909,66662560,32799805440,12447744
19685,대교우B,1685,-70,-3.99,1755,1775,1675,6195,10520790,32734478150,19426990
119650,KC코트렐,1820,-75,-3.96,1865,1875,1790,89115,162716840,32032829920,17600456
10420,한솔PNS,1560,-30,-1.89,1575,1590,1535,58612,90982735,31969098720,20493012
3680,한성기업,5140,-70,-1.34,5210,5310,5100,34986,181077310,31916907100,6209515
1465,BYC우,142500,1000,0.71,141500,142500,138500,114,15995500,30692362500,215385
3475,유안타증권우,2365,-15,-0.63,2365,2420,2355,122160,289432480,30537381380,12912212
14910,성문전자,1550,-80,-4.91,1615,1615,1525,131307,204466500,30204628350,19486857
4365,세방우,8120,-80,-0.98,8200,8290,8090,13941,113365910,29956710000,3689250
1420,태원물산,3895,-165,-4.06,4020,4060,3860,4234,16653475,29602000000,7600000
204210,모두투어리츠,3715,-285,-7.13,4000,4000,3630,54039,202767960,29076617725,7826815
25890,한국주강,2560,-40,-1.54,2565,2600,2430,40479,101473685,28951703040,11309259
33250,체시스,896,-18,-1.97,908,910,894,44633,40270207,28672000000,32000000
5257,녹십자홀딩스2우,32950,250,0.76,32750,33000,32100,2246,73399100,27875370500,845990
1210,금호전기,920,-28,-2.95,943,943,891,71372,65134635,25349855720,27554191
96300,베트남개발1,180,-8,-4.26,184,194,177,15745237,2895590361,24782437980,137680211
3535,한화투자증권우,5040,80,1.61,5090,5090,4960,3177,15953650,24192000000,4800000
19490,하이트론,2470,0,0,0,0,0,0,0,23739723280,9611224
25620,제이준코스메틱,6030,-250,-3.98,6280,6340,5920,37605,227344740,23210302140,3849138
71950,코아스,730,-31,-4.07,760,760,715,157407,114313404,22562263300,30907210
1685,대상우,15650,50,0.32,15600,15700,15500,3030,47277000,21443989950,1370223
35320K,대덕전자1우,9910,-540,-5.17,10450,10450,9910,8662,86892940,20766593290,2095519
7815,코리아써우,6820,-280,-3.94,7200,7200,6810,1492,10455970,20219185800,2964690
8500,일정실업,16400,100,0.61,16150,16400,15600,913,14654450,19680000000,1200000
152550,한국ANKOR유전,278,64,29.91,214,278,214,26822662,7063125411,19465560000,70020000
30790,비케이탑스,904,0,0,0,0,0,0,0,19208323080,21248145
33637L,솔루스첨단소재2우B,9980,-70,-0.7,10050,10100,9660,4595,44857080,18855713000,1889350
87,하이트진로2우B,16600,-150,-0.9,16500,17000,16500,126,2089150,18760290800,1130138
140910,에이리츠,4095,-130,-3.08,4190,4230,4065,2005,8229615,18276116040,4463032
2025,코오롱우,16750,-200,-1.18,17000,17050,16700,3848,64842550,18029532500,1076390
225,유유제약1우,7680,-20,-0.26,7630,7780,7560,2340,17831590,17410022400,2266930
2355,넥센타이어1우B,2655,-190,-6.68,2850,2850,2655,10740,29333005,17257500000,6500000
75,삼양홀딩스우,55500,-100,-0.18,55300,55500,55100,49,2712300,16875219000,304058
108675,LX하우시스우,15900,-300,-1.85,16200,16300,15800,2133,34049300,16414047000,1032330
18064K,한진칼우,30500,-750,-2.4,30950,31200,30000,3530,107815800,16371363000,536766
38380K,LX홀딩스1우,11050,-200,-1.78,11600,11600,10950,469,5199050,16191399250,1465285
4255,NPC우,3010,-160,-5.05,3160,3165,2980,29920,90702630,15892800000,5280000
885,한화우,32750,0,0,33800,33800,32400,488,15987600,15696878500,479294
1795,대한제당우,2340,-80,-3.31,2420,2420,2310,23084,54519350,15169658400,6482760
10145,삼성중공우,123500,-17500,-12.41,138000,138000,122500,3541,442309500,14183357500,114845
36328K,티와이홀딩스우,10800,0,0,10900,11000,10650,1033,11146300,13557650400,1255338
1067,JW중외제약2우B,65100,400,0.62,65400,65400,63500,162,10502500,13020000000,200000
5725,넥센우,3270,-135,-3.96,3405,3405,3270,1160,3794855,11773962000,3600600
00806K,대덕1우,9360,-40,-0.43,9100,9420,9100,453,4204690,11347661520,1212357
145995,삼양사우,29500,-300,-1.01,29800,29800,29450,99,2924850,10917065000,370070
1065,JW중외제약우,32350,-550,-1.67,32900,32900,32100,113,3658600,10534939250,325655
1515,SK증권우,2570,-20,-0.77,2560,2570,2560,4399,11272045,10055160980,3912514
7575,일양약품우,21100,-300,-1.4,21100,21100,20450,3719,76352150,9391188000,445080
4985,성신양회우,12500,-200,-1.57,12700,12700,12400,4910,61578000,9195562500,735645
9415,태영건설우,6690,-120,-1.76,6800,6800,6600,506,3379420,8711329980,1302142
8355,남선알미우,27100,-800,-2.87,27700,27700,26700,2638,71640000,8343819000,307890
26490K,크라운제과우,10700,-300,-2.73,10850,11000,10500,5893,63022400,8277092000,773560
84695,대상홀딩스우,8980,-70,-0.77,9040,9120,8890,526,4717350,8203068360,913482
4835,덕성우,5810,-50,-0.85,5830,5920,5760,8211,47523090,8087520000,1392000
14825,동원시스템즈우,29400,0,0,29400,29400,29000,46,1341600,7764863400,264111
995,DB하이텍1우,68900,0,0,70100,70100,68500,121,8372100,7738572400,112316
4105,태양금속우,2325,95,4.26,2230,2365,2230,11488,26552885,7672500000,3300000
12205,계양전기우,5200,-80,-1.52,5300,5300,5160,902,4671830,7280000000,1400000
90355,노루페인트우,15300,100,0.66,15200,15300,15000,288,4351800,7085827800,463126
14285,금강공업우,11950,250,2.14,11550,11950,11550,1752,20331350,7049006250,589875
1755,한양증권우,12850,-200,-1.53,13050,13100,12800,770,9916550,6746250000,525000
5745,크라운해태홀딩스우,10700,50,0.47,10800,10800,10550,667,7084400,6427768200,600726
4545,깨끗한나라우,17550,-450,-2.5,17650,17900,17550,99,1752350,6426108000,366160
2995,금호건설우,21850,-400,-1.8,22500,22500,21850,400,8886700,6386012100,292266
00781K,코리아써키트2우B,8130,30,0.37,8200,8200,8000,366,2950610,6371472870,783699
5965,동부건설우,28100,-1400,-4.75,29300,31150,28100,11669,346082250,6343069200,225732
145,하이트진로홀딩스우,13200,0,0,13250,13250,13200,6,79250,6214692000,470810
6345,대원전선우,2365,40,1.72,2400,2400,2325,2845,6734985,6199138000,2621200
4415,서울식품우,2710,-15,-0.55,2725,2745,2705,765,2084680,6028395000,2224500
4565,현대비앤지스틸우,50000,-3700,-6.89,53000,53000,50000,367,18537600,5492600000,109852
325,노루홀딩스우,22200,-150,-0.67,22550,22550,21900,1666,36787950,5407009800,243559
11155,CJ씨푸드1우,25850,950,3.82,27300,31850,25850,21876,630516250,5170000000,200000
227,유유제약2우B,15050,-50,-0.33,15050,15100,14850,135,2019750,4899678000,325560
14915,성문전자우,8000,-240,-2.91,8240,8240,8000,5491,44217730,4800000000,600000
545,흥국화재우,6150,-110,-1.76,6450,6450,6150,1079,6685480,4723200000,768000
1745,SK네트웍스우,37500,-2350,-5.9,39800,39800,37450,2095,78893800,4261800000,113648
2785,진흥기업우B,4935,30,0.61,4890,4935,4860,1102,5377790,4230370830,857218
1525,동양우,6390,-20,-0.31,6420,6420,6330,2119,13453380,3947301090,617731
1527,동양2우B,12600,-300,-2.33,13800,13800,12600,1823,23006050,3887969400,308569
2787,진흥기업2우B,13000,100,0.78,12700,13000,12700,185,2394800,3832504000,294808
547,흥국화재2우B,16200,-750,-4.42,16850,17050,16200,410,6684300,2488320000,153600
